Timestep;Day;DayOfYear;EOM_price;CM_price;TotalCapOffer;TotalCapDemanded;TotalLocalCapSupply;Gen_A_MidMerit;new_capacity_Gen_A_MidMerit;Capacity_Gen_A_MidMerit;Gen_A_Baseload;new_capacity_Gen_A_Baseload;Capacity_Gen_A_Baseload;Gen_A_Peak;new_capacity_Gen_A_Peak;Capacity_Gen_A_Peak;Gen_A_WindOnshore;new_capacity_Gen_A_WindOnshore;Capacity_Gen_A_WindOnshore;Gen_A_PV;new_capacity_Gen_A_PV;Capacity_Gen_A_PV;Cons_A;Inelastic_Cons_A;Elastic_Cons_A;ENS_Cons_A;CapDemand_Cons_A;NetworkManager;CapacityManager
1;1;32;292.72962039100605;-2.32388860312669e-11;21072.96994291268;17629.87;21072.96994291268;7429.051322299328;12006.12127555782;12006.12127555782;34091.19776034292;39329.66255027347;39329.66255027347;4818.240860377645;11686.8210337932;11686.8210337932;4470.983257634117;0.0;13700.0;0.7382525758896762;0.0;15403.0;-56810.21144449476;-54697.92;-2112.291444494758;0.0;17629.87;5999.999999999999;-3443.0999429123794
2;1;32;286.20276390332606;-2.32388860312669e-11;21072.96994291268;17629.87;21072.96994291268;7225.0870385131275;12006.12127555782;12006.12127555782;33275.34082955019;39329.66255027347;39329.66255027347;4655.069438689071;11686.8210337932;11686.8210337932;4476.072925502449;0.0;13700.0;0.7515304999164688;0.0;15403.0;-55632.3217542559;-53560.32;-2072.001754255898;0.0;17629.87;6000.000000000004;-3443.0999429123794
3;1;32;282.33850377494184;-2.32388860312669e-11;21072.96994291268;17629.87;21072.96994291268;7104.328898837323;12006.12127555782;12006.12127555782;32792.308388297366;39329.66255027347;39329.66255027347;4558.462930019609;11686.8210337932;11686.8210337932;4578.327632450188;0.0;13700.0;0.7495388113124498;0.0;15403.0;-55034.17738005281;-52982.4;-2051.7773800528084;0.0;17629.87;5999.999999999993;-3443.0999429123794
4;1;32;282.53003617119276;-2.32388860312669e-11;21072.96994291268;17629.87;21072.96994291268;7110.314286778595;12006.12127555782;12006.12127555782;32816.24993390686;39329.66255027347;39329.66255027347;4563.251240211839;11686.8210337932;11686.8210337932;4586.425027841731;0.0;13700.0;0.7097050392320716;0.0;15403.0;-55076.95018540815;-53023.68;-2053.2701854081524;0.0;17629.87;5999.9999999999945;-3443.0999429123794
5;1;32;286.42569377801027;-2.32388860312669e-11;21072.96994291268;17629.87;21072.96994291268;7232.053598448717;12006.12127555782;12006.12127555782;33303.20705428236;39329.66255027347;39329.66255027347;4660.642686249479;11686.8210337932;11686.8210337932;4779.582895150634;0.0;13700.0;0.7229829632588645;0.0;15403.0;-55976.2092085784;-53891.52;-2084.6892085784084;0.0;17629.87;5999.99999999999;-3443.0999429123794
6;1;32;302.40766998877376;-2.32388860312669e-11;21072.96994291268;17629.87;21072.96994291268;7731.490401870182;12006.12127555782;12006.12127555782;35300.953751698806;39329.66255027347;39329.66255027347;5060.192115502497;11686.8210337932;11686.8210337932;5155.94348398884;0.0;13700.0;0.7024021810173356;0.0;15403.0;-59249.282146128695;-57051.84;-2197.4421461286997;0.0;17629.87;6000.000000000008;-3443.0999429123794
7;1;32;342.6286214381394;-2.32388860312669e-11;21072.96994291268;17629.87;21072.96994291268;8988.395064940843;12006.12127555782;12006.12127555782;39329.662550273344;39329.66255027347;39329.66255027347;6065.715858363862;11686.8210337932;11686.8210337932;5828.870947441156;0.0;13700.0;0.7097050392320716;0.0;15403.0;-66213.35411789174;-63783.36;-2429.994117891736;0.0;17629.87;6000.0000000000055;-3443.0999429123794
8;1;32;456.80144277826776;-2.32388860312669e-11;21072.96994291268;17629.87;21072.96994291268;12006.12127552154;12006.12127555782;12006.12127555782;39329.662550273344;39329.66255027347;39329.66255027347;8920.03638516298;11686.8210337932;11686.8210337932;6395.747914755252;0.0;13700.0;2.026211206488154;0.0;15403.0;-72653.59433104063;-70067.52;-2586.0743310406256;0.0;17629.87;6000.0;-3443.0999429123794
9;1;32;565.2992123547467;-2.32388860312669e-11;21072.96994291268;17629.87;21072.96994291268;12006.121275557804;12006.12127555782;12006.12127555782;39329.662550273344;39329.66255027347;39329.66255027347;11632.480610036242;11686.8210337932;11686.8210337932;6820.800338897352;0.0;13700.0;76.62889124722452;0.0;15403.0;-75865.69366003397;-73245.12;-2620.573660033969;0.0;17629.87;6000.000000000018;-3443.0999429123794
10;1;32;954.4944627490203;-2.32388860312669e-11;21072.96994291268;17629.87;21072.96994291268;12006.121275557796;12006.12127555782;12006.12127555782;39329.66255027377;39329.66255027347;39329.66255027347;11686.821033793021;11686.8210337932;11686.8210337932;7368.332121568832;0.0;13700.0;383.19624013982855;0.0;15403.0;-76774.13316214476;-74413.44;-2360.693162144762;0.0;17629.87;5999.999940811625;-3443.0999429123794
11;1;32;878.9686139294623;-2.32388860312669e-11;21072.96994291268;17629.87;21072.96994291268;12006.121275557796;12006.12127555782;12006.12127555782;39329.66255027377;39329.66255027347;39329.66255027347;11686.821033793018;11686.8210337932;11686.8210337932;7987.988839684999;0.0;13700.0;694.3477923026819;0.0;15403.0;-77704.9413462544;-75258.23999999999;-2446.7013462544087;0.0;17629.87;5999.99985464223;-3443.0999429123794
12;1;32;1109.9944042963564;-2.32388860312669e-11;21072.96994291268;17629.87;21072.96994291268;12006.121275557816;12006.12127555782;12006.12127555782;39329.66255027352;39329.66255027347;39329.66255027347;11686.821033793116;11686.8210337932;11686.8210337932;8549.535891490817;0.0;13700.0;900.0454079485477;0.0;15403.0;-78472.1861408931;-76178.87999999999;-2293.306140893111;0.0;17629.87;5999.999981829251;-3443.0999429123794
13;1;32;704.6579061333853;-2.32388860312669e-11;21072.96994291268;17629.87;21072.96994291268;12006.121275557816;12006.12127555782;12006.12127555782;39329.66255027352;39329.66255027347;39329.66255027347;11686.821033793069;11686.8210337932;11686.8210337932;8972.834322580366;0.0;13700.0;930.4565012433123;0.0;15403.0;-78925.8956167401;-76306.56;-2619.335616740112;0.0;17629.87;5999.999933291949;-3443.0999429123794
14;1;32;551.7990390254771;-2.32388860312669e-11;21072.96994291268;17629.87;21072.96994291268;12006.121275557814;12006.12127555782;12006.12127555782;39329.66255027352;39329.66255027347;39329.66255027347;11294.97629103142;11686.8210337932;11686.8210337932;9379.846557615074;0.0;13700.0;795.1312190432476;0.0;15403.0;-78805.73788758757;-76073.28;-2732.457887587569;0.0;17629.87;5999.999999999997;-3443.0999429123794
15;1;32;539.2834318950607;-2.32388860312669e-11;21072.96994291268;17629.87;21072.96994291268;12006.121275557814;12006.12127555782;12006.12127555782;39329.66255027352;39329.66255027347;39329.66255027347;10982.086112778823;11686.8210337932;11686.8210337932;9831.687520015754;0.0;13700.0;558.6806035589273;0.0;15403.0;-78708.23805625235;-75969.59999999999;-2738.638056252355;0.0;17629.87;6000.000000000006;-3443.0999429123794
16;1;32;504.11709034710617;-2.32388860312669e-11;21072.96994291268;17629.87;21072.96994291268;12006.121275557814;12006.12127555782;12006.12127555782;39329.66255027352;39329.66255027347;39329.66255027347;10102.92757412523;11686.8210337932;11686.8210337932;10033.342371978522;0.0;13700.0;300.8930280597538;0.0;15403.0;-77772.94679407071;-75040.31999999999;-2732.626794070717;0.0;17629.87;6000.0000000000055;-3443.0999429123794
17;1;32;475.62088433865256;-2.32388860312669e-11;21072.96994291268;17629.87;21072.96994291268;12006.121275557643;12006.12127555782;12006.12127555782;39329.66255027352;39329.66255027347;39329.66255027347;9390.522423952443;11686.8210337932;11686.8210337932;10175.765372639224;0.0;13700.0;65.10697267297441;0.0;15403.0;-76967.17858917887;-74241.59999999999;-2725.578589178883;0.0;17629.87;5999.999999999997;-3443.0999429123794
18;1;32;512.7312256934888;-2.32388860312669e-11;21072.96994291268;17629.87;21072.96994291268;12006.12127555781;12006.12127555782;12006.12127555782;39329.66255027354;39329.66255027347;39329.66255027347;10318.280957780415;11686.8210337932;11686.8210337932;10266.968688149518;0.0;13700.0;1.3749290329743877;0.0;15403.0;-77922.40839487013;-75191.04;-2731.368394870138;0.0;17629.87;6000.0;-3443.0999429123794
19;1;32;529.531252185373;-2.32388860312669e-11;21072.96994291268;17629.87;21072.96994291268;12006.12127555781;12006.12127555782;12006.12127555782;39329.66255027354;39329.66255027347;39329.66255027347;10738.281620061416;11686.8210337932;11686.8210337932;10177.513807263085;0.0;13700.0;0.8438120719026784;0.0;15403.0;-78252.42305930067;-75522.23999999999;-2730.1830593006675;0.0;17629.87;5999.9999999999945;-3443.0999429123794
20;1;32;452.99135624066326;-2.32388860312669e-11;21072.96994291268;17629.87;21072.96994291268;12006.121275415828;12006.12127555782;12006.12127555782;39329.66255027346;39329.66255027347;39329.66255027347;8824.784221590464;11686.8210337932;11686.8210337932;10028.942566870648;0.0;13700.0;0.7833975175807714;0.0;15403.0;-76190.29400575651;-73475.52;-2714.774005756511;0.0;17629.87;5999.999999999986;-3443.0999429123794
21;1;32;368.88699084545397;-2.32388860312669e-11;21072.96994291268;17629.87;21072.96994291268;9808.969109169704;12006.12127555782;12006.12127555782;39329.66255027346;39329.66255027347;39329.66255027347;6722.175093851386;11686.8210337932;11686.8210337932;9949.53979546425;0.0;13700.0;0.7707834897553183;0.0;15403.0;-71811.11732385264;-69193.92;-2617.1973238526443;0.0;17629.87;6000.000000365162;-3443.0999429123794
22;1;32;319.3181776303511;-2.32388860312669e-11;21072.96994291268;17629.87;21072.96994291268;8259.94382778406;12006.12127555782;12006.12127555782;37414.766768419126;39329.66255027347;39329.66255027347;5482.954838372176;11686.8210337932;11686.8210337932;10059.271824203264;0.0;13700.0;0.7369247834869967;0.0;15403.0;-67217.67417365884;-64735.68;-2481.994173658845;0.0;17629.87;5999.999999999993;-3443.0999429123794
23;1;32;305.6439884104853;-2.32388860312669e-11;21072.96994291268;17629.87;21072.96994291268;7832.625372560994;12006.12127555782;12006.12127555782;35705.49341197028;39329.66255027347;39329.66255027347;5141.100086311841;11686.8210337932;11686.8210337932;9635.854813301712;0.0;13700.0;0.7462193303057517;0.0;15403.0;-64315.81989410817;-61932.479999999996;-2383.3398941081737;0.0;17629.87;5999.999999999986;-3443.0999429123794
24;1;32;287.45088462802903;-2.32388860312669e-11;21072.96994291268;17629.87;21072.96994291268;7264.090825687001;12006.12127555782;12006.12127555782;33431.355816103955;39329.66255027347;39329.66255027347;4686.27246426539;11686.8210337932;11686.8210337932;9673.57122236023;0.0;13700.0;0.6977549076079582;0.0;15403.0;-61055.98807464098;-58782.72;-2273.268074640985;0.0;17629.87;5999.999999999985;-3443.0999429123794
25;2;116;257.13658777917533;-2.32388860312669e-11;21072.96994291268;17629.87;21072.96994291268;6316.768958420074;12006.12127555782;12006.12127555782;29642.069350292546;39329.66255027347;39329.66255027347;3928.414996547521;11686.8210337932;11686.8210337932;728.7495275561014;0.0;13700.0;0.8192479124531118;0.0;15403.0;-46616.822073200114;-44867.52;-1749.3020732001178;0.0;17629.87;5999.999999999995;-3443.0999429123794
26;2;116;254.19145243867032;-2.32388860312669e-11;21072.96994291268;17629.87;21072.96994291268;6224.73347037369;12006.12127555782;12006.12127555782;29273.92749339329;39329.66255027347;39329.66255027347;3854.7866086036543;11686.8210337932;11686.8210337932;696.4989067071164;0.0;13700.0;0.6984188038092978;0.0;15403.0;-46050.64489046325;-44321.28;-1729.3648904632496;0.0;17629.87;5999.999999999996;-3443.0999429123794
27;2;116;256.6659147469811;-2.32388860312669e-11;21072.96994291268;17629.87;21072.96994291268;6302.060424860457;12006.12127555782;12006.12127555782;29583.235230426948;39329.66255027347;39329.66255027347;3916.648170075096;11686.8210337932;11686.8210337932;672.8459398315637;0.0;13700.0;0.6167595710445224;0.0;15403.0;-46475.40651725311;-44731.2;-1744.2065172531145;0.0;17629.87;5999.999999999997;-3443.0999429123794
28;2;116;262.78205765382404;-2.32388860312669e-11;21072.96994291268;17629.87;21072.96994291268;6493.189907299025;12006.12127555782;12006.12127555782;30347.75297740838;39329.66255027347;39329.66255027347;4069.5517512447336;11686.8210337932;11686.8210337932;690.44207224713;0.0;13700.0;0.645307107702127;0.0;15403.0;-47601.58200758349;-45817.92;-1783.662007583497;0.0;17629.87;5999.999999999999;-3443.0999429123794
29;2;116;281.1420189976645;-2.32388860312669e-11;21072.96994291268;17629.87;21072.96994291268;7066.938752464135;12006.12127555782;12006.12127555782;32642.747772564868;39329.66255027347;39329.66255027347;4528.550812062899;11686.8210337932;11686.8210337932;737.8702914293627;0.0;13700.0;2.166957201172128;0.0;15403.0;-50978.274577321536;-49077.119999999995;-1901.1545773215398;0.0;17629.87;6000.0;-3443.0999429123794
30;2;116;318.1125067937114;-2.32388860312669e-11;21072.96994291268;17629.87;21072.96994291268;8222.266606838351;12006.12127555782;12006.12127555782;37264.05796982288;39329.66255027347;39329.66255027347;5452.8130636717715;11686.8210337932;11686.8210337932;755.1465053937939;0.0;13700.0;141.14698798961078;0.0;15403.0;-57835.43112390463;-55699.2;-2136.2311239046344;0.0;17629.87;6000.000000000002;-3443.0999429123794
31;2;116;360.0606213814909;-2.32388860312669e-11;21072.96994291268;17629.87;21072.96994291268;9533.145063327007;12006.12127555782;12006.12127555782;39329.662550273344;39329.66255027347;39329.66255027347;6501.515857018001;11686.8210337932;11686.8210337932;702.9627416676765;0.0;13700.0;869.2851052518785;0.0;15403.0;-62936.571309365936;-60637.439999999995;-2299.1313093659423;0.0;17629.87;6000.0;-3443.0999429123794
32;2;116;396.9619809576882;-2.32388860312669e-11;21072.96994291268;17629.87;21072.96994291268;10686.312549929473;12006.12127555782;12006.12127555782;39329.662550273344;39329.66255027347;39329.66255027347;7424.0498463538925;11686.8210337932;11686.8210337932;571.4225267742249;0.0;13700.0;2107.0412328978737;0.0;15403.0;-66118.488698062;-63726.72;-2391.7686980620124;0.0;17629.87;6000.0000000000055;-3443.0999429123794
33;2;116;381.384970215874;-2.32388860312669e-11;21072.96994291268;17629.87;21072.96994291268;10199.530964225574;12006.12127555782;12006.12127555782;39329.662550273344;39329.66255027347;39329.66255027347;7034.624577798394;11686.8210337932;11686.8210337932;486.8090372747416;0.0;13700.0;3542.424653966247;0.0;15403.0;-66593.05177537225;-64174.079999999994;-2418.971775372256;0.0;17629.87;5999.9999999999945;-3443.0999429123794
34;2;116;377.43199365945804;-2.32388860312669e-11;21072.96994291268;17629.87;21072.96994291268;10076.000446795839;12006.12127555782;12006.12127555782;39329.66255027199;39329.66255027347;39329.66255027347;6935.800163868696;11686.8210337932;11686.8210337932;489.9063172601417;0.0;13700.0;4591.192105561695;0.0;15403.0;-67422.56157559474;-64970.88;-2451.6815755947446;0.0;17629.87;6000.000000000003;-3443.0999429123794
35;2;116;381.4478703773133;-2.32388860312669e-11;21072.96994291268;17629.87;21072.96994291268;10201.496594187769;12006.12127555782;12006.12127555782;39329.66255027199;39329.66255027347;39329.66255027347;7036.197081796605;11686.8210337932;11686.8210337932;551.9723495897299;0.0;13700.0;5153.249949096838;0.0;15403.0;-68272.57851678063;-65792.64;-2479.938516780625;0.0;17629.87;5999.999999999994;-3443.0999429123794
36;2;116;368.34454784048876;-2.32388860312669e-11;21072.96994291268;17629.87;21072.96994291268;9792.01776494605;12006.12127555782;12006.12127555782;39329.662550272944;39329.66255027347;39329.66255027347;6708.614018391829;11686.8210337932;11686.8210337932;612.0762565925759;0.0;13700.0;5162.689225287483;0.0;15403.0;-67605.05980732672;-65140.799999999996;-2464.2598073267227;0.0;17629.87;6000.00000000001;-3443.0999429123794
37;2;116;343.50889035789794;-2.32388860312669e-11;21072.96994291268;17629.87;21072.96994291268;9015.903468681468;12006.12127555782;12006.12127555782;39329.662550272944;39329.66255027347;39329.66255027347;6087.72258135689;11686.8210337932;11686.8210337932;681.3700990256829;0.0;13700.0;5124.021254936659;0.0;15403.0;-66238.67994610732;-63808.32;-2430.3599461073236;0.0;17629.87;6000.000000000001;-3443.0999429123794
38;2;116;331.0868937113775;-2.32388860312669e-11;21072.96994291268;17629.87;21072.96994291268;8627.716231167136;12006.12127555782;12006.12127555782;38885.85609886425;39329.66255027347;39329.66255027347;5777.172753617812;11686.8210337932;11686.8210337932;814.1195809602937;0.0;13700.0;4919.134256552627;0.0;15403.0;-65023.99891092895;-62630.399999999994;-2393.5989109289553;0.0;17629.87;6000.000000000008;-3443.0999429123794
39;2;116;328.24947095244033;-2.32388860312669e-11;21072.96994291268;17629.87;21072.96994291268;8539.046760597756;12006.12127555782;12006.12127555782;38531.17831984369;39329.66255027347;39329.66255027347;5706.237179853393;11686.8210337932;11686.8210337932;1023.4327124482834;0.0;13700.0;4442.535123742528;0.0;15403.0;-64242.43008637159;-61875.84;-2366.5900863715938;0.0;17629.87;6000.000000000014;-3443.0999429123794
40;2;116;327.2442738189664;-2.32388860312669e-11;21072.96994291268;17629.87;21072.96994291268;8507.634345464283;12006.12127555782;12006.12127555782;38405.52871153349;39329.66255027347;39329.66255027347;5681.107249100646;11686.8210337932;11686.8210337932;1143.6788178515994;0.0;13700.0;3737.64864313978;0.0;15403.0;-63475.59775703569;-61136.64;-2338.9577570356914;0.0;17629.87;6000.000000000001;-3443.0999429123794
41;2;116;334.81327069674506;-2.32388860312669e-11;21072.96994291268;17629.87;21072.96994291268;8744.165367909778;12006.12127555782;12006.12127555782;39329.66254959302;39329.66255027347;39329.66255027347;5870.332090932248;11686.8210337932;11686.8210337932;1110.1522288172023;0.0;13700.0;2711.474243172122;0.0;15403.0;-63765.786469898456;-61420.799999999996;-2344.9864698984597;0.0;17629.87;5999.999999999999;-3443.0999429123794
42;2;116;353.2481556735527;-2.32388860312669e-11;21072.96994291268;17629.87;21072.96994291268;9320.25550992277;12006.12127555782;12006.12127555782;39329.662550273504;39329.66255027347;39329.66255027347;6331.204214305659;11686.8210337932;11686.8210337932;1137.9493130809967;0.0;13700.0;1476.4819154123045;0.0;15403.0;-63595.5534948242;-61268.159999999996;-2327.393494824199;0.0;17629.87;6000.000000000001;-3443.0999429123794
43;2;116;364.9707332341133;-2.32388860312669e-11;21072.96994291268;17629.87;21072.96994291268;9686.58605870724;12006.12127555782;12006.12127555782;39329.662550273504;39329.66255027347;39329.66255027347;6624.2686533272745;11686.8210337932;11686.8210337932;1117.0496212153985;0.0;13700.0;475.8044490570966;0.0;15403.0;-63233.37132440891;-60926.399999999994;-2306.971324408911;0.0;17629.87;6000.000000000008;-3443.0999429123794
44;2;116;341.8034041965476;-2.32388860312669e-11;21072.96994291268;17629.87;21072.96994291268;8962.607026362442;12006.12127555782;12006.12127555782;39329.66255027346;39329.66255027347;39329.66255027347;6045.08542742363;11686.8210337932;11686.8210337932;1220.2529666591647;0.0;13700.0;37.13702571053511;0.0;15403.0;-61594.744988254904;-59333.759999999995;-2260.98498825491;0.0;17629.87;5999.999999999997;-3443.0999429123794
45;2;116;322.96000435346326;-2.32388860312669e-11;21072.96994291268;17629.87;21072.96994291268;8373.750920240687;12006.12127555782;12006.12127555782;37869.99506161379;39329.66255027347;39329.66255027347;5574.000510174994;11686.8210337932;11686.8210337932;1324.9682047059737;0.0;13700.0;1.6537654375366944;0.0;15403.0;-59144.368452174545;-56962.56;-2181.8084521745486;0.0;17629.87;5999.999999999999;-3443.0999429123794
46;2;116;302.69786972823664;-2.32388860312669e-11;21072.96994291268;17629.87;21072.96994291268;7740.559150474811;12006.12127555782;12006.12127555782;35337.2286738242;39329.66255027347;39329.66255027347;5067.447112423742;11686.8210337932;11686.8210337932;1302.4695381878917;0.0;13700.0;0.9440603983049635;0.0;15403.0;-55448.64852610961;-53392.32;-2056.328526109607;0.0;17629.87;5999.999999999991;-3443.0999429123794
47;2;116;279.44246079162946;-2.32388860312669e-11;21072.96994291268;17629.87;21072.96994291268;7013.827552938561;12006.12127555782;12006.12127555782;32430.303035754518;39329.66255027347;39329.66255027347;4486.061854053745;11686.8210337932;11686.8210337932;1241.5053099448348;0.0;13700.0;0.9035627300232456;0.0;15403.0;-51172.60130709206;-49263.36;-1909.241307092058;0.0;17629.87;5999.999999999988;-3443.0999429123794
48;2;116;262.41808214086944;-2.32388860312669e-11;21072.96994291268;17629.87;21072.96994291268;6481.815671726231;12006.12127555782;12006.12127555782;30302.256043677073;39329.66255027347;39329.66255027347;4060.452363016436;11686.8210337932;11686.8210337932;1121.3271408921473;0.0;13700.0;0.9440603983049635;0.0;15403.0;-47966.79527199689;-46169.28;-1797.5152719968892;0.0;17629.87;5999.999999999987;-3443.0999429123794
49;3;138;251.0921787917487;-2.32388860312669e-11;21072.96994291268;17629.87;21072.96994291268;6127.881156569499;12006.12127555782;12006.12127555782;28886.518373221556;39329.66255027347;39329.66255027347;3777.304761121906;11686.8210337932;11686.8210337932;2438.189303761951;0.0;13700.0;1.2142661522501956;0.0;15403.0;-47231.10785356642;-45456.0;-1775.1078535664226;0.0;17629.87;5999.9999999999945;-3443.0999429123794
50;3;138;246.09207762056485;-2.32388860312669e-11;21072.96994291268;17629.87;21072.96994291268;5971.627979424517;12006.12127555782;12006.12127555782;28261.50583563444;39329.66255027347;39329.66255027347;3652.3022238851227;11686.8210337932;11686.8210337932;2671.494466275439;0.0;13700.0;1.2109466712434975;0.0;15403.0;-46558.14144482815;-44806.08;-1752.0614448281497;0.0;17629.87;6000.000000000002;-3443.0999429123794
51;3;138;246.15889749502293;-2.32388860312669e-11;21072.96994291268;17629.87;21072.96994291268;5973.716099459049;12006.12127555782;12006.12127555782;28269.85832715125;39329.66255027347;39329.66255027347;3653.9727202138897;11686.8210337932;11686.8210337932;2841.910331410378;0.0;13700.0;1.2023160206260821;0.0;15403.0;-46740.659787205914;-44981.759999999995;-1758.8997872059192;0.0;17629.87;6000.000000000009;-3443.0999429123794
52;3;138;252.4758598207858;-2.32388860312669e-11;21072.96994291268;17629.87;21072.96994291268;6171.121188935131;12006.12127555782;12006.12127555782;29059.478500097757;39329.66255027347;39329.66255027347;3811.8967869572207;11686.8210337932;11686.8210337932;2962.7697167788983;0.0;13700.0;1.2222329066662714;0.0;15403.0;-48006.48841841241;-46202.88;-1803.6084184124154;0.0;17629.87;5999.999999999991;-3443.0999429123794
53;3;138;268.1481679696755;-2.32388860312669e-11;21072.96994291268;17629.87;21072.96994291268;6660.880862175119;12006.12127555782;12006.12127555782;31018.51671308189;39329.66255027347;39329.66255027347;4203.704512995314;11686.8210337932;11686.8210337932;3019.5293025213346;0.0;13700.0;46.38244421039207;0.0;15403.0;-50949.01382716546;-49042.56;-1906.4538271654571;0.0;17629.87;6000.000000000001;-3443.0999429123794
54;3;138;303.9519976364063;-2.32388860312669e-11;21072.96994291268;17629.87;21072.96994291268;7779.750642657421;12006.12127555782;12006.12127555782;35493.994695822854;39329.66255027347;39329.66255027347;5098.800307606808;11686.8210337932;11686.8210337932;2796.276867091072;0.0;13700.0;543.2257638879421;0.0;15403.0;-57712.04826793027;-55572.479999999996;-2139.5682679302795;0.0;17629.87;6000.000000000001;-3443.0999429123794
55;3;138;327.45414471253264;-2.32388860312669e-11;21072.96994291268;17629.87;21072.96994291268;8514.192810550692;12006.12127555782;12006.12127555782;38431.76257604798;39329.66255027347;39329.66255027347;5686.354021262676;11686.8210337932;11686.8210337932;2150.4319210145927;0.0;13700.0;1835.5388896714242;0.0;15403.0;-62618.280208497396;-60311.04;-2307.2402084973955;0.0;17629.87;5999.999999999998;-3443.0999429123794
56;3;138;343.1075523856956;-2.32388860312669e-11;21072.96994291268;17629.87;21072.96994291268;9003.361657079713;12006.12127555782;12006.12127555782;39329.66255027335;39329.66255027347;39329.66255027347;6077.689132065427;11686.8210337932;11686.8210337932;1364.3780817046636;0.0;13700.0;3856.944815454701;0.0;15403.0;-65632.03622841024;-63223.68;-2408.3562284102427;0.0;17629.87;5999.999999999998;-3443.0999429123794
57;3;138;331.1644213520087;-2.32388860312669e-11;21072.96994291268;17629.87;21072.96994291268;8630.13897329576;12006.12127555782;12006.12127555782;38895.54702970032;39329.66255027347;39329.66255027347;5779.110946360123;11686.8210337932;11686.8210337932;978.4816996511839;0.0;13700.0;6103.142675530569;0.0;15403.0;-66386.42131426219;-63942.72;-2443.7013142621886;0.0;17629.87;6000.00000000002;-3443.0999429123794
58;3;138;328.442919117332;-2.32388860312669e-11;21072.96994291268;17629.87;21072.96994291268;8545.092025256177;12006.12127555782;12006.12127555782;38555.35927210581;39329.66255027347;39329.66255027347;5711.073388859025;11686.8210337932;11686.8210337932;911.820699606464;0.0;13700.0;7927.72727787989;0.0;15403.0;-67651.07265347266;-65159.04;-2492.0326534726555;0.0;17629.87;6000.000000000003;-3443.0999429123794
59;3;138;326.31669348625167;-2.32388860312669e-11;21072.96994291268;17629.87;21072.96994291268;8478.647470795488;12006.12127555782;12006.12127555782;38289.58109219637;39329.66255027347;39329.66255027347;5657.917746300251;11686.8210337932;11686.8210337932;934.2446361388565;0.0;13700.0;9101.475181066127;0.0;15403.0;-68461.866116307;-65938.56;-2523.3061163070147;0.0;17629.87;6000.0;-3443.0999429123794
60;3;138;320.24170214667834;-2.32388860312669e-11;21072.96994291268;17629.87;21072.96994291268;8288.803974118786;12006.12127555782;12006.12127555782;37530.207296227665;39329.66255027347;39329.66255027347;5506.042953945261;11686.8210337932;11686.8210337932;974.5636250295727;0.0;13700.0;9579.307169122114;0.0;15403.0;-67878.92500847393;-65373.119999999995;-2505.8050084739443;0.0;17629.87;5999.999999999992;-3443.0999429123794
61;3;138;315.5683225270493;-2.32388860312669e-11;21072.96994291268;17629.87;21072.96994291268;8142.760846281259;12006.12127555782;12006.12127555782;36946.03494734766;39329.66255027347;39329.66255027347;5389.208455912792;11686.8210337932;11686.8210337932;964.3194409582162;0.0;13700.0;9394.094070768586;0.0;15403.0;-66836.41775148662;-64366.079999999994;-2470.33775148662;0.0;17629.87;5999.999999999995;-3443.0999429123794
62;3;138;311.365201552146;-2.32388860312669e-11;21072.96994291268;17629.87;21072.96994291268;8011.4133014819845;12006.12127555782;12006.12127555782;36420.64492649228;39329.66255027347;39329.66255027347;5284.130424196789;11686.8210337932;11686.8210337932;880.6737356535729;0.0;13700.0;8831.779299403524;0.0;15403.0;-65428.641677628766;-63007.68;-2420.9616776287694;0.0;17629.87;5999.9999999999945;-3443.0999429123794
63;3;138;311.45052011562086;-2.32388860312669e-11;21072.96994291268;17629.87;21072.96994291268;8014.079504367437;12006.12127555782;12006.12127555782;36431.30976301798;39329.66255027347;39329.66255027347;5286.263387140532;11686.8210337932;11686.8210337932;831.4872001964791;0.0;13700.0;7806.753439864185;0.0;15403.0;-64369.89328501541;-61988.159999999996;-2381.7332850154116;0.0;17629.87;5999.999999999993;-3443.0999429123794
64;3;138;312.2445428117763;-2.32388860312669e-11;21072.96994291268;17629.87;21072.96994291268;8038.892712435237;12006.12127555782;12006.12127555782;36530.56260899054;39329.66255027347;39329.66255027347;5306.11395393054;11686.8210337932;11686.8210337932;784.1207413329977;0.0;13700.0;6433.687299630756;0.0;15403.0;-63093.3773067638;-60759.36;-2334.017306763802;0.0;17629.87;5999.999999999996;-3443.0999429123794
65;3;138;320.8690231677794;-2.32388860312669e-11;21072.96994291268;17629.87;21072.96994291268;8308.407744428763;12006.12127555782;12006.12127555782;37608.622507640255;39329.66255027347;39329.66255027347;5521.7259735102925;11686.8210337932;11686.8210337932;760.0972125449355;0.0;13700.0;4691.700679274903;0.0;15403.0;-62890.5541075768;-60569.28;-2321.2741075767985;0.0;17629.87;6000.000000000005;-3443.0999429123794
66;3;138;331.20940692303424;-2.32388860312669e-11;21072.96994291268;17629.87;21072.96994291268;8631.544772775607;12006.12127555782;12006.12127555782;38901.170225380156;39329.66255027347;39329.66255027347;5780.235585813514;11686.8210337932;11686.8210337932;792.1897269779159;0.0;13700.0;2634.3700022447383;0.0;15403.0;-62739.51030291065;-60430.079999999994;-2309.430302910653;0.0;17629.87;5999.999999999992;-3443.0999429123794
67;3;138;344.39492813823637;-2.32388860312669e-11;21072.96994291268;17629.87;21072.96994291268;9043.592149502003;12006.12127555782;12006.12127555782;39329.66255027345;39329.66255027347;39329.66255027347;6109.873525948824;11686.8210337932;11686.8210337932;929.2982522100265;0.0;13700.0;976.9650857319588;0.0;15403.0;-62389.3915554933;-60100.799999999996;-2288.5915554933013;0.0;17629.87;5999.999999999995;-3443.0999429123794
68;3;138;330.17207694787487;-2.32388860312669e-11;21072.96994291268;17629.87;21072.96994291268;8599.12821258858;12006.12127555782;12006.12127555782;38771.503968884026;39329.66255027347;39329.66255027347;5754.302337209919;11686.8210337932;11686.8210337932;1334.489175444746;0.0;13700.0;192.65670256294933;0.0;15403.0;-60652.08038638895;-58418.88;-2233.2003863889568;0.0;17629.87;6000.0000000000055;-3443.0999429123794
69;3;138;317.75253632149736;-2.32388860312669e-11;21072.96994291268;17629.87;21072.96994291268;8211.017526278523;12006.12127555782;12006.12127555782;37219.06168327668;39329.66255027347;39329.66255027347;5443.813800181981;11686.8210337932;11686.8210337932;2131.5474683498655;0.0;13700.0;3.4595631051801345;0.0;15403.0;-59008.900031422796;-56829.119999999995;-2179.780031422804;0.0;17629.87;5999.9999999999945;-3443.0999429123794
70;3;138;297.5135155698011;-2.32388860312669e-11;21072.96994291268;17629.87;21072.96994291268;7578.547213653341;12006.12127555782;12006.12127555782;34689.22177077035;39329.66255027347;39329.66255027347;4937.837684094435;11686.8210337932;11686.8210337932;2894.0903895173706;0.0;13700.0;1.226216283874309;0.0;15403.0;-55965.99673701989;-53887.68;-2078.3167370198857;0.0;17629.87;5865.0734292456;-3443.0999429123794
71;3;138;275.7225048100142;-2.32388860312669e-11;21072.96994291268;17629.87;21072.96994291268;6897.578836129501;12006.12127555782;12006.12127555782;31965.30918296042;39329.66255027347;39329.66255027347;4393.062907242032;11686.8210337932;11686.8210337932;3175.868755806371;0.0;13700.0;1.2109466712434975;0.0;15403.0;-52433.030621658196;-50474.88;-1958.1506216582013;0.0;17629.87;5999.999999999994;-3443.0999429123794
72;3;138;262.2472573635125;-2.32388860312669e-11;21072.96994291268;17629.87;21072.96994291268;6476.477388985184;12006.12127555782;12006.12127555782;30280.903004669388;39329.66255027347;39329.66255027347;4056.181739267565;11686.8210337932;11686.8210337932;3233.6943246504634;0.0;13700.0;1.1478765321162319;0.0;15403.0;-50048.40432649953;-48172.799999999996;-1875.6043264995303;0.0;17629.87;5999.999999999999;-3443.0999429123794
73;4;230;233.5263762796022;-2.32388860312669e-11;21072.96994291268;17629.87;21072.96994291268;5578.94978381509;12006.12127555782;12006.12127555782;26690.793369783045;39329.66255027347;39329.66255027347;3338.159675659826;11686.8210337932;11686.8210337932;1207.7526781438075;0.0;13700.0;1.121984580263986;0.0;15403.0;-42816.77748528487;-41200.32;-1616.4574852848702;0.0;17629.87;5999.999999999986;-3443.0999429123794
74;4;230;229.2733270762911;-2.32388860312669e-11;21072.96994291268;17629.87;21072.96994291268;5446.041984922639;12006.12127555782;12006.12127555782;26159.162298468116;39329.66255027347;39329.66255027347;3231.8334397978783;11686.8210337932;11686.8210337932;1119.370573994091;0.0;13700.0;1.1731045877671384;0.0;15403.0;-41957.58139521716;-40371.84;-1585.741395217165;0.0;17629.87;5999.999999999991;-3443.0999429123794
75;4;230;229.2032984420969;-2.32388860312669e-11;21072.96994291268;17629.87;21072.96994291268;5443.853589804579;12006.12127555782;12006.12127555782;26150.408721332857;39329.66255027347;39329.66255027347;3230.082723789321;11686.8210337932;11686.8210337932;992.5198201034608;0.0;13700.0;1.0668811955527961;0.0;15403.0;-41817.93172967624;-40237.439999999995;-1580.4917296762442;0.0;17629.87;5999.999999999996;-3443.0999429123794
76;4;230;233.42587993537012;-2.32388860312669e-11;21072.96994291268;17629.87;21072.96994291268;5575.80927262096;12006.12127555782;12006.12127555782;26678.231329897077;39329.66255027347;39329.66255027347;3335.647266829604;11686.8210337932;11686.8210337932;961.626691060639;0.0;13700.0;1.1246401650693447;0.0;15403.0;-42552.43919388171;-40945.92;-1606.519193881716;0.0;17629.87;5999.999999999988;-3443.0999429123794
77;4;230;250.45755719663342;-2.32388860312669e-11;21072.96994291268;17629.87;21072.96994291268;6108.049233248234;12006.12127555782;12006.12127555782;28807.19066380931;39329.66255027347;39329.66255027347;3761.4392220185005;11686.8210337932;11686.8210337932;915.2483972971883;0.0;13700.0;1.5933508832148;0.0;15403.0;-45593.52085997594;-43879.68;-1713.8408599759443;0.0;17629.87;5999.999999999996;-3443.0999429123794
78;4;230;281.3921846622825;-2.32388860312669e-11;21072.96994291268;17629.87;21072.96994291268;7074.756430057889;12006.12127555782;12006.12127555782;32674.01847647514;39329.66255027347;39329.66255027347;4534.804953973659;11686.8210337932;11686.8210337932;943.7365795278155;0.0;13700.0;96.85382512483412;0.0;15403.0;-51324.17025675116;-49410.24;-1913.9302567511652;0.0;17629.87;5999.999999999993;-3443.0999429123794
79;4;230;304.6721716167338;-2.32388860312669e-11;21072.96994291268;17629.87;21072.96994291268;7802.256090452216;12006.12127555782;12006.12127555782;35584.01636791091;39329.66255027347;39329.66255027347;5116.804662690124;11686.8210337932;11686.8210337932;872.414528226899;0.0;13700.0;699.1424506687573;0.0;15403.0;-56074.634090673666;-53996.159999999996;-2078.47409067367;0.0;17629.87;5999.999999999995;-3443.0999429123794
80;4;230;319.7385358935487;-2.32388860312669e-11;21072.96994291268;17629.87;21072.96994291268;8273.080019139885;12006.12127555782;12006.12127555782;37467.31158593583;39329.66255027347;39329.66255027347;5493.463792676407;11686.8210337932;11686.8210337932;556.3703018880434;0.0;13700.0;1711.9127863313659;0.0;15403.0;-59502.13847612267;-57305.28;-2196.8584761226753;0.0;17629.87;6000.000000000003;-3443.0999429123794
81;4;230;323.3278339459818;-2.32388860312669e-11;21072.96994291268;17629.87;21072.96994291268;8385.245592125226;12006.12127555782;12006.12127555782;37915.97377980847;39329.66255027347;39329.66255027347;5583.19624852302;11686.8210337932;11686.8210337932;436.5472546681773;0.0;13700.0;2740.966504124233;0.0;15403.0;-61061.92936928778;-58809.6;-2252.329369287786;0.0;17629.87;6000.000000000009;-3443.0999429123794
82;4;230;325.1384757484403;-2.32388860312669e-11;21072.96994291268;17629.87;21072.96994291268;8441.828147265902;12006.12127555782;12006.12127555782;38142.30401272518;39329.66255027347;39329.66255027347;5628.462292984075;11686.8210337932;11686.8210337932;355.5269805136727;0.0;13700.0;3785.4817005500986;0.0;15403.0;-62353.60312409292;-60054.72;-2298.883124092924;0.0;17629.87;5999.999999999987;-3443.0999429123794
83;4;230;325.7040816067374;-2.32388860312669e-11;21072.96994291268;17629.87;21072.96994291268;8459.503334584566;12006.12127555782;12006.12127555782;38213.00471465782;39329.66255027347;39329.66255027347;5642.602441621406;11686.8210337932;11686.8210337932;349.9209963805739;0.0;13700.0;4916.205146512319;0.0;15403.0;-63581.236623756755;-61237.439999999995;-2343.796623756761;0.0;17629.87;5999.999999999999;-3443.0999429123794
84;4;230;321.2598659436209;-2.32388860312669e-11;21072.96994291268;17629.87;21072.96994291268;8320.621584284994;12006.12127555782;12006.12127555782;37657.47783247298;39329.66255027347;39329.66255027347;5531.497044502282;11686.8210337932;11686.8210337932;427.21650571116066;0.0;13700.0;5694.107595234601;0.0;15403.0;-63630.920552344105;-61282.56;-2348.3605523441083;0.0;17629.87;6000.000000000004;-3443.0999429123794
85;4;230;313.651872994035;-2.32388860312669e-11;21072.96994291268;17629.87;21072.96994291268;8082.871782631649;12006.12127555782;12006.12127555782;36706.47886806617;39329.66255027347;39329.66255027347;5341.297209508082;11686.8210337932;11686.8210337932;532.9409073663741;0.0;13700.0;5866.6668319905975;0.0;15403.0;-62530.25558998101;-60217.92;-2312.3355899810144;0.0;17629.87;5999.999999999996;-3443.0999429123794
86;4;230;303.8818135103494;-2.32388860312669e-11;21072.96994291268;17629.87;21072.96994291268;7777.557394226693;12006.12127555782;12006.12127555782;35485.221640215415;39329.66255027347;39329.66255027347;5097.045707287399;11686.8210337932;11686.8210337932;594.081770121061;0.0;13700.0;5502.816527157807;0.0;15403.0;-60456.72302980277;-58215.36;-2241.363029802771;0.0;17629.87;5999.999999999999;-3443.0999429123794
87;4;230;303.27154259198596;-2.32388860312669e-11;21072.96994291268;17629.87;21072.96994291268;7758.486424553086;12006.12127555782;12006.12127555782;35408.9378000858;39329.66255027347;39329.66255027347;5081.788932546369;11686.8210337932;11686.8210337932;721.2975274955132;0.0;13700.0;4727.890325106128;0.0;15403.0;-59698.401000625454;-57484.799999999996;-2213.60100062546;0.0;17629.87;5999.999999999992;-3443.0999429123794
88;4;230;300.46763791539263;-2.32388860312669e-11;21072.96994291268;17629.87;21072.96994291268;7670.864393229965;12006.12127555782;12006.12127555782;35058.449787322694;39329.66255027347;39329.66255027347;5011.691310415569;11686.8210337932;11686.8210337932;929.3760702116541;0.0;13700.0;3701.7006555258417;0.0;15403.0;-58372.082207673855;-56206.079999999994;-2166.002207673859;0.0;17629.87;6000.0;-3443.0999429123794
89;4;230;307.91581742448875;-2.32388860312669e-11;21072.96994291268;17629.87;21072.96994291268;7903.620024823745;12006.12127555782;12006.12127555782;35989.472072499266;39329.66255027347;39329.66255027347;5197.89580936977;11686.8210337932;11686.8210337932;1019.3620898393536;0.0;13700.0;2500.6201457304524;0.0;15403.0;-58610.97013295111;-56440.32;-2170.6501329511116;0.0;17629.87;5999.999999999997;-3443.0999429123794
90;4;230;315.1937000385864;-2.32388860312669e-11;21072.96994291268;17629.87;21072.96994291268;8131.053884075773;12006.12127555782;12006.12127555782;36899.20720635426;39329.66255027347;39329.66255027347;5379.84288882981;11686.8210337932;11686.8210337932;1333.4231923430905;0.0;13700.0;1300.7804579353676;0.0;15403.0;-59044.30761987548;-56861.759999999995;-2182.547619875482;0.0;17629.87;5999.999999999989;-3443.0999429123794
91;4;230;311.66033448005305;-2.32388860312669e-11;21072.96994291268;17629.87;21072.96994291268;8020.636202004553;12006.12127555782;12006.12127555782;36457.536570663135;39329.66255027347;39329.66255027347;5291.508745578247;11686.8210337932;11686.8210337932;1611.6349002241752;0.0;13700.0;428.94864685514943;0.0;15403.0;-57810.265055768905;-55671.36;-2138.905055768901;0.0;17629.87;5999.99999999999;-3443.0999429123794
92;4;230;304.8569165502866;-2.32388860312669e-11;21072.96994291268;17629.87;21072.96994291268;7808.029370157855;12006.12127555782;12006.12127555782;35607.10948083171;39329.66255027347;39329.66255027347;5121.423286301853;11686.8210337932;11686.8210337932;1606.3025143031484;0.0;13700.0;41.330194118196935;0.0;15403.0;-56184.19483643076;-54101.759999999995;-2082.4348364307652;0.0;17629.87;5999.999999999995;-3443.0999429123794
93;4;230;294.27212681369843;-2.32388860312669e-11;21072.96994291268;17629.87;21072.96994291268;7477.254650980984;12006.12127555782;12006.12127555782;34284.01104363101;39329.66255027347;39329.66255027347;4856.803522455913;11686.8210337932;11686.8210337932;1634.6609998643971;0.0;13700.0;1.144557051109534;0.0;15403.0;-54253.87476521309;-52237.439999999995;-2016.4347652130948;0.0;17629.87;6000.000000001711;-3443.0999429123794
94;4;230;275.20661436039575;-2.32388860312669e-11;21072.96994291268;17629.87;21072.96994291268;6881.456487224215;12006.12127555782;12006.12127555782;31900.85955429872;39329.66255027347;39329.66255027347;4380.165121074164;11686.8210337932;11686.8210337932;1567.6214090657284;0.0;13700.0;0.9433965021036238;0.0;15403.0;-50616.316129580664;-48725.759999999995;-1890.5561295806713;0.0;17629.87;5885.270127096435;-3443.0999429123794
95;4;230;255.69721575102284;-2.32388860312669e-11;21072.96994291268;17629.87;21072.96994291268;6271.788556287928;12006.12127555782;12006.12127555782;29462.148029970427;39329.66255027347;39329.66255027347;3892.4306824108703;11686.8210337932;11686.8210337932;1309.1680623597094;0.0;13700.0;1.1412375701028354;0.0;15403.0;-46936.67656140532;-45174.72;-1761.9565614053201;0.0;17629.87;5999.999999999988;-3443.0999429123794
96;4;230;241.38955848005384;-2.32388860312669e-11;21072.96994291268;17629.87;21072.96994291268;5824.674248324489;12006.12127555782;12006.12127555782;27673.690999552455;39329.66255027347;39329.66255027347;3534.739241290583;11686.8210337932;11686.8210337932;1080.2231783500958;0.0;13700.0;0.9274629932714726;0.0;15403.0;-44114.25512354937;-42452.159999999996;-1662.0951235493703;0.0;17629.87;6000.000000000002;-3443.0999429123794
97;5;271;227.45891204620685;-2.32388860312669e-11;21072.96994291268;17629.87;21072.96994291268;5389.341509320961;12006.12127555782;12006.12127555782;25932.360460756314;39329.66255027347;39329.66255027347;3186.473061023029;11686.8210337932;11686.8210337932;2066.8133902502;0.0;13700.0;0.9480437755130013;0.0;15403.0;-42575.936458648204;-40966.08;-1609.856458648203;0.0;17629.87;5999.9999999999945;-3443.0999429123794
98;5;271;225.01567674513993;-2.32388860312669e-11;21072.96994291268;17629.87;21072.96994291268;5312.990399644982;12006.12127555782;12006.12127555782;25626.956093843222;39329.66255027347;39329.66255027347;3125.3921751592643;11686.8210337932;11686.8210337932;1842.2324903635863;0.0;13700.0;0.915512861647359;0.0;15403.0;-41908.486665477896;-40322.88;-1585.6066654779006;0.0;17629.87;5999.999999999994;-3443.0999429123794
99;5;271;226.86999240126775;-2.32388860312669e-11;21072.96994291268;17629.87;21072.96994291268;5370.937769365909;12006.12127555782;12006.12127555782;25858.745512640304;39329.66255027347;39329.66255027347;3171.750069360333;11686.8210337932;11686.8210337932;1684.9240176773355;0.0;13700.0;0.9420687097009445;0.0;15403.0;-42087.299431289095;-40495.68;-1591.6194312890923;0.0;17629.87;5999.999999999994;-3443.0999429123794
100;5;271;234.09109596579302;-2.32388860312669e-11;21072.96994291268;17629.87;21072.96994291268;5596.597275583121;12006.12127555782;12006.12127555782;26761.38331942757;39329.66255027347;39329.66255027347;3352.277668621635;11686.8210337932;11686.8210337932;1493.4540598799188;0.0;13700.0;0.9121933806406609;0.0;15403.0;-43204.6245101757;-41573.76;-1630.8645101756986;0.0;17629.87;5999.9999999999945;-3443.0999429123794
101;5;271;251.75538440185434;-2.32388860312669e-11;21072.96994291268;17629.87;21072.96994291268;6148.606337136914;12006.12127555782;12006.12127555782;28969.419038146483;39329.66255027347;39329.66255027347;3793.88490405825;11686.8210337932;11686.8210337932;1461.0323629479924;0.0;13700.0;1.0137694994456254;0.0;15403.0;-46373.95640446122;-44631.36;-1742.596404461221;0.0;17629.87;6000.000000000005;-3443.0999429123794
102;5;271;295.46893185098764;-2.32388860312669e-11;21072.96994291268;17629.87;21072.96994291268;7514.654821041395;12006.12127555782;12006.12127555782;34433.61158486908;39329.66255027347;39329.66255027347;4886.723654858186;11686.8210337932;11686.8210337932;1464.5520835136551;0.0;13700.0;1.5395752909066178;0.0;15403.0;-54301.08171063851;-52283.52;-2017.56171063851;0.0;17629.87;5999.999999999996;-3443.0999429123794
103;5;271;324.9402515060494;-2.32388860312669e-11;21072.96994291268;17629.87;21072.96994291268;8435.632785256239;12006.12127555782;12006.12127555782;38117.563254668785;39329.66255027347;39329.66255027347;5623.506120306969;11686.8210337932;11686.8210337932;1376.240386127315;0.0;13700.0;64.64158143583542;0.0;15403.0;-59487.072407201544;-57293.759999999995;-2193.3124072015466;0.0;17629.87;5869.48824692627;-3443.0999429123794
104;5;271;350.05453002191683;-2.32388860312669e-11;21072.96994291268;17629.87;21072.96994291268;9220.458949476953;12006.12127555782;12006.12127555782;39329.662550273344;39329.66255027347;39329.66255027347;6251.365935490431;11686.8210337932;11686.8210337932;1106.283562450591;0.0;13700.0;538.4815616331699;0.0;15403.0;-62142.70249607429;-59866.56;-2276.142496074294;0.0;17629.87;5696.449980514588;-3443.0999429123794
105;5;271;346.02704089500236;-2.32388860312669e-11;21072.96994291268;17629.87;21072.96994291268;9094.595673130189;12006.12127555782;12006.12127555782;39329.662550273344;39329.66255027347;39329.66255027347;6150.6763448583715;11686.8210337932;11686.8210337932;889.6048953482658;0.0;13700.0;1359.3181776960862;0.0;15403.0;-62823.85763313408;-60520.32;-2303.5376331340804;0.0;17629.87;5999.999999999987;-3443.0999429123794
106;5;271;352.1498702315199;-2.32388860312669e-11;21072.96994291268;17629.87;21072.96994291268;9285.934089892196;12006.12127555782;12006.12127555782;39329.66255027346;39329.66255027347;39329.66255027347;6303.747078282752;11686.8210337932;11686.8210337932;782.9238263555883;0.0;13700.0;2202.8952303434908;0.0;15403.0;-63905.162766979214;-61565.759999999995;-2339.4027669792176;0.0;17629.87;5999.999999995531;-3443.0999429123794
107;5;271;346.6908970728021;-2.32388860312669e-11;21072.96994291268;17629.87;21072.96994291268;9115.341178611901;12006.12127555782;12006.12127555782;39329.66255027346;39329.66255027347;39329.66255027347;6167.272749269981;11686.8210337932;11686.8210337932;757.0783681643487;0.0;13700.0;3012.6620411452723;0.0;15403.0;-64382.01687929526;-62021.759999999995;-2360.256879295265;0.0;17629.87;6000.000000000003;-3443.0999429123794
108;5;271;335.09481401856954;-2.32388860312669e-11;21072.96994291268;17629.87;21072.96994291268;8752.963583792898;12006.12127555782;12006.12127555782;39329.66255024051;39329.66255027347;39329.66255027347;5877.370672955986;11686.8210337932;11686.8210337932;784.7741655053923;0.0;13700.0;3532.116337648047;0.0;15403.0;-64276.88730186371;-61913.28;-2363.607301863711;0.0;17629.87;5999.9999999999945;-3443.0999429123794
109;5;271;328.4934061935655;-2.32388860312669e-11;21072.96994291268;17629.87;21072.96994291268;8546.669735051766;12006.12127555782;12006.12127555782;38561.67023835288;39329.66255027347;39329.66255027347;5712.335559938781;11686.8210337932;11686.8210337932;799.3360134606838;0.0;13700.0;3581.6907947944796;0.0;15403.0;-63201.7023315077;-60873.6;-2328.1023315077005;0.0;17629.87;5999.999999999988;-3443.0999429123794
110;5;271;320.446032922066;-2.32388860312669e-11;21072.96994291268;17629.87;21072.96994291268;8295.189295315222;12006.12127555782;12006.12127555782;37555.74875514662;39329.66255027347;39329.66255027347;5511.151215346521;11686.8210337932;11686.8210337932;776.0017298298909;0.0;13700.0;3410.04640700393;0.0;15403.0;-61548.13739286976;-59276.159999999996;-2271.9773928697605;0.0;17629.87;5999.999999999999;-3443.0999429123794
111;5;271;315.5927696180612;-2.32388860312669e-11;21072.96994291268;17629.87;21072.96994291268;8143.524802650604;12006.12127555782;12006.12127555782;36949.090943636766;39329.66255027347;39329.66255027347;5389.819625362336;11686.8210337932;11686.8210337932;731.6331168386213;0.0;13700.0;2982.354515657915;0.0;15403.0;-60196.42299455737;-57971.52;-2224.9029945573693;0.0;17629.87;5999.999999999993;-3443.0999429123794
112;5;271;312.60258066351753;-2.32388860312669e-11;21072.96994291268;17629.87;21072.96994291268;8050.081395271412;12006.12127555782;12006.12127555782;36575.3173428542;39329.66255027347;39329.66255027347;5315.064900186942;11686.8210337932;11686.8210337932;654.6661724037936;0.0;13700.0;2211.46281082178;0.0;15403.0;-58806.592611981505;-56631.36;-2175.232611981508;0.0;17629.87;5999.999999999997;-3443.0999429123794
113;5;271;320.46020401907316;-2.32388860312669e-11;21072.96994291268;17629.87;21072.96994291268;8295.632152558848;12006.12127555782;12006.12127555782;37557.52007043279;39329.66255027347;39329.66255027347;5511.505498113345;11686.8210337932;11686.8210337932;559.2575967896896;0.0;13700.0;1117.2729089230781;0.0;15403.0;-59041.1882169115;-56861.759999999995;-2179.4282169115063;0.0;17629.87;6000.000000000001;-3443.0999429123794
114;5;271;328.53756192011326;-2.32388860312669e-11;21072.96994291268;17629.87;21072.96994291268;8548.049612540308;12006.12127555782;12006.12127555782;38567.18962903046;39329.66255027347;39329.66255027347;5713.439458729999;11686.8210337932;11686.8210337932;427.0157846752175;0.0;13700.0;218.26716242582805;0.0;15403.0;-59473.96163716957;-57283.2;-2190.761637169567;0.0;17629.87;5999.999999999997;-3443.0999429123794
115;5;271;338.7814014041683;-2.32388860312669e-11;21072.96994291268;17629.87;21072.96994291268;8868.16943915026;12006.12127555782;12006.12127555782;39329.66255027337;39329.66255027347;39329.66255027347;5969.535357636261;11686.8210337932;11686.8210337932;388.5675158394918;0.0;13700.0;3.2046269638657665;0.0;15403.0;-60559.13948168722;-58334.4;-2224.739481687216;0.0;17629.87;5999.999999999991;-3443.0999429123794
116;5;271;323.3203144998486;-2.32388860312669e-11;21072.96994291268;17629.87;21072.96994291268;8385.009536930624;12006.12127555782;12006.12127555782;37915.07264269112;39329.66255027347;39329.66255027347;5583.007584102906;11686.8210337932;11686.8210337932;530.1740450862942;0.0;13700.0;0.9433965021036238;0.0;15403.0;-58151.37492714197;-56006.4;-2144.9749271419696;0.0;17629.87;5737.167686569607;-3443.0999429123794
117;5;271;302.74998455496836;-2.32388860312669e-11;21072.96994291268;17629.87;21072.96994291268;7742.186746487941;12006.12127555782;12006.12127555782;35343.78125034307;39329.66255027347;39329.66255027347;5068.749345740445;11686.8210337932;11686.8210337932;695.6892289282797;0.0;13700.0;1.02372794246572;0.0;15403.0;-54439.68336961605;-52420.799999999996;-2018.8833696160527;0.0;17629.87;5588.253035135807;-3443.0999429123794
118;5;271;279.48900711711735;-2.32388860312669e-11;21072.96994291268;17629.87;21072.96994291268;7015.281263733916;12006.12127555782;12006.12127555782;32436.15862909731;39329.66255027347;39329.66255027347;4487.224941463838;11686.8210337932;11686.8210337932;800.4341119280904;0.0;13700.0;0.8750151933656413;0.0;15403.0;-50727.82394084436;-48835.2;-1892.6239408443653;0.0;17629.87;5987.849945146165;-3443.0999429123794
119;5;271;258.55345594699463;-2.32388860312669e-11;21072.96994291268;17629.87;21072.96994291268;6361.04609258536;12006.12127555782;12006.12127555782;29819.17784372464;39329.66255027347;39329.66255027347;3963.8367027506974;11686.8210337932;11686.8210337932;887.0066387383794;0.0;13700.0;1.0144333956469649;0.0;15403.0;-47032.081703616204;-45267.84;-1764.241703616205;0.0;17629.87;5999.999999999989;-3443.0999429123794
120;5;271;242.66306267088913;-2.32388860312669e-11;21072.96994291268;17629.87;21072.96994291268;5864.471258049202;12006.12127555782;12006.12127555782;27832.878997117703;39329.66255027347;39329.66255027347;3566.576847986275;11686.8210337932;11686.8210337932;935.6163328183334;0.0;13700.0;0.9374214362915672;0.0;15403.0;-44200.48085039832;-42535.68;-1664.8008503983183;0.0;17629.87;5999.99999999999;-3443.0999429123794
121;6;289;199.67987741754632;-2.32388860312669e-11;21072.96994291268;17629.87;21072.96994291268;4521.246602543967;12006.12127555782;12006.12127555782;22459.98165397886;39329.66255027347;39329.66255027347;2491.997157110863;11686.8210337932;11686.8210337932;4137.8345110169585;0.0;13700.0;0.6851408797825052;0.0;15403.0;-39611.74506000405;-38103.36;-1508.3850600040448;0.0;17629.87;5999.999999999984;-3443.0999429123794
122;6;289;195.39920562391842;-2.32388860312669e-11;21072.96994291268;17629.87;21072.96994291268;4387.475597786985;12006.12127555782;12006.12127555782;21924.89775824167;39329.66255027347;39329.66255027347;2384.980356533899;11686.8210337932;11686.8210337932;3972.228539506408;0.0;13700.0;0.7083772468293924;0.0;15403.0;-38670.29062393222;-37196.159999999996;-1474.1306239322196;0.0;17629.87;5999.99999999999;-3443.0999429123794
123;6;289;191.66284202393743;-2.32388860312669e-11;21072.96994291268;17629.87;21072.96994291268;4270.714225423408;12006.12127555782;12006.12127555782;21457.852377287396;39329.66255027347;39329.66255027347;2291.5712614852887;11686.8210337932;11686.8210337932;3873.3811493442045;0.0;13700.0;0.7123606240374303;0.0;15403.0;-37894.23136890647;-36448.32;-1445.9113689064704;0.0;17629.87;5999.999999999991;-3443.0999429123794
124;6;289;192.3287116072718;-2.32388860312669e-11;21072.96994291268;17629.87;21072.96994291268;4291.522651590425;12006.12127555782;12006.12127555782;21541.086063403844;39329.66255027347;39329.66255027347;2308.2180019324373;11686.8210337932;11686.8210337932;3840.2343862701314;0.0;13700.0;0.7482110189097706;0.0;15403.0;-37981.80930893636;-36532.799999999996;-1449.0093089363688;0.0;17629.87;5999.999999999981;-3443.0999429123794
125;6;289;195.86183966483978;-2.32388860312669e-11;21072.96994291268;17629.87;21072.96994291268;4401.932912816649;12006.12127555782;12006.12127555782;21982.727004615328;39329.66255027347;39329.66255027347;2396.546208197081;11686.8210337932;11686.8210337932;3936.114810719499;0.0;13700.0;0.696427115205279;0.0;15403.0;-38718.017358064244;-37242.24;-1475.7773580642483;0.0;17629.87;5999.999999999992;-3443.0999429123794
126;6;289;202.15918973734816;-2.32388860312669e-11;21072.96994291268;17629.87;21072.96994291268;4598.72511901094;12006.12127555782;12006.12127555782;22769.89564865412;39329.66255027347;39329.66255027347;2553.9799684191976;11686.8210337932;11686.8210337932;4124.506016627139;0.0;13700.0;0.7687918011512993;0.0;15403.0;-40047.875538903674;-38523.84;-1524.035538903678;0.0;17629.87;5999.999999999992;-3443.0999429123794
127;6;289;212.19023785487113;-2.32388860312669e-11;21072.96994291268;17629.87;21072.96994291268;4912.195398670437;12006.12127555782;12006.12127555782;24023.77648138559;39329.66255027347;39329.66255027347;2804.7561846596295;11686.8210337932;11686.8210337932;4235.921631655327;0.0;13700.0;14.06065764817081;0.0;15403.0;-41990.71034807912;-40396.799999999996;-1593.9103480791202;0.0;17629.87;5999.999999999989;-3443.0999429123794
128;6;289;224.85502878675862;-2.32388860312669e-11;21072.96994291268;17629.87;21072.96994291268;5307.97014860013;12006.12127555782;12006.12127555782;25606.875114463535;39329.66255027347;39329.66255027347;3121.3759750086138;11686.8210337932;11686.8210337932;4251.115905274637;0.0;13700.0;444.8536081506429;0.0;15403.0;-44732.19074513313;-43039.68;-1692.510745133127;0.0;17629.87;5999.999999999993;-3443.0999429123794
129;6;289;235.45110851728595;-2.32388860312669e-11;21072.96994291268;17629.87;21072.96994291268;5639.097670463082;12006.12127555782;12006.12127555782;26931.384868327343;39329.66255027347;39329.66255027347;3386.2779837776907;11686.8210337932;11686.8210337932;4006.4042294908854;0.0;13700.0;1622.5297851602065;0.0;15403.0;-47585.694530469016;-45790.08;-1795.614530469015;0.0;17629.87;5999.999999999989;-3443.0999429123794
130;6;289;243.35431727793184;-2.32388860312669e-11;21072.96994291268;17629.87;21072.96994291268;5886.072968760025;12006.12127555782;12006.12127555782;27919.28579108098;39329.66255027347;39329.66255027347;3583.8582153547695;11686.8210337932;11686.8210337932;3804.0008424648445;0.0;13700.0;3171.9174619226237;0.0;15403.0;-50365.13527252073;-48468.479999999996;-1896.6552725207355;0.0;17629.87;5999.999999999997;-3443.0999429123794
131;6;289;247.50336295291967;-2.32388860312669e-11;21072.96994291268;17629.87;21072.96994291268;6015.730660577943;12006.12127555782;12006.12127555782;28437.916398481582;39329.66255027347;39329.66255027347;3687.5843646445614;11686.8210337932;11686.8210337932;3929.6287420441886;0.0;13700.0;4537.609043151572;0.0;15403.0;-52608.4692016531;-50629.439999999995;-1979.029201653104;0.0;17629.87;5999.999999999987;-3443.0999429123794
132;6;289;242.65234309027798;-2.32388860312669e-11;21072.96994291268;17629.87;21072.96994291268;5864.136277803129;12006.12127555782;12006.12127555782;27831.539000027915;39329.66255027347;39329.66255027347;3566.3088619025907;11686.8210337932;11686.8210337932;3882.380862992712;0.0;13700.0;5297.0750943626535;0.0;15403.0;-52441.4400899961;-50466.24;-1975.200089996102;0.0;17629.87;5999.999999999991;-3443.0999429123794
133;6;289;232.6604494241997;-2.32388860312669e-11;21072.96994291268;17629.87;21072.96994291268;5551.889572451134;12006.12127555782;12006.12127555782;26582.552490230304;39329.66255027347;39329.66255027347;3316.5115057669786;11686.8210337932;11686.8210337932;3150.271574096514;0.0;13700.0;5529.8676417775905;0.0;15403.0;-50131.09277758999;-48238.08;-1893.0127775899862;0.0;17629.87;5999.999999999983;-3443.0999429123794
134;6;289;226.15342029209177;-2.32388860312669e-11;21072.96994291268;17629.87;21072.96994291268;5348.544893804094;12006.12127555782;12006.12127555782;25769.17397689342;39329.66255027347;39329.66255027347;3153.8357681102625;11686.8210337932;11686.8210337932;3044.9745538470634;0.0;13700.0;5177.551205650672;0.0;15403.0;-48494.080391805684;-46659.84;-1834.2403918056907;0.0;17629.87;5999.999999999988;-3443.0999429123794
135;6;289;228.32870666121332;-2.32388860312669e-11;21072.96994291268;17629.87;21072.96994291268;5416.522596447705;12006.12127555782;12006.12127555782;26041.084748103443;39329.66255027347;39329.66255027347;3208.2179291821985;11686.8210337932;11686.8210337932;2952.1197674133446;0.0;13700.0;4091.8704613645423;0.0;15403.0;-47709.815495965275;-45906.24;-1803.5754959652752;0.0;17629.87;5999.999999999989;-3443.0999429123794
136;6;289;237.2375267717814;-2.32388860312669e-11;21072.96994291268;17629.87;21072.96994291268;5694.923244169577;12006.12127555782;12006.12127555782;27154.68712763459;39329.66255027347;39329.66255027347;3430.9384418028535;11686.8210337932;11686.8210337932;2341.300950910554;0.0;13700.0;2362.4208568747886;0.0;15403.0;-46984.27061460057;-45212.159999999996;-1772.11061460058;0.0;17629.87;5999.9999999999845;-3443.0999429123794
137;6;289;257.80888167406624;-2.32388860312669e-11;21072.96994291268;17629.87;21072.96994291268;6337.778141710508;12006.12127555782;12006.12127555782;29726.10609297944;39329.66255027347;39329.66255027347;3945.222343452359;11686.8210337932;11686.8210337932;1516.8692495282771;0.0;13700.0;680.4225694795844;0.0;15403.0;-48206.39838963365;-46397.759999999995;-1808.6383896336547;0.0;17629.87;5999.999999999991;-3443.0999429123794
138;6;289;277.4520366051136;-2.32388860312669e-11;21072.96994291268;17629.87;21072.96994291268;6951.626791533814;12006.12127555782;12006.12127555782;32181.500051525298;39329.66255027347;39329.66255027347;4436.301246535925;11686.8210337932;11686.8210337932;1282.403610625443;0.0;13700.0;26.61227923069848;0.0;15403.0;-50878.4439711926;-48979.2;-1899.2439711926038;0.0;17629.87;5999.9999999999945;-3443.0999429123794
139;6;289;280.2746995104401;-2.32388860312669e-11;21072.96994291268;17629.87;21072.96994291268;7039.835015784185;12006.12127555782;12006.12127555782;32534.332855393262;39329.66255027347;39329.66255027347;4506.867823499677;11686.8210337932;11686.8210337932;1258.2361802946887;0.0;13700.0;1.4287046252828983;0.0;15403.0;-51340.70057123074;-49425.6;-1915.1005712307349;0.0;17629.87;5999.999999999985;-3443.0999429123794
140;6;289;264.3143545823897;-2.32388860312669e-11;21072.96994291268;17629.87;21072.96994291268;6541.074190837932;12006.12127555782;12006.12127555782;30539.2900614856;39329.66255027347;39329.66255027347;4107.859176776017;11686.8210337932;11686.8210337932;1433.7429485043353;0.0;13700.0;1.175096276371157;0.0;15403.0;-48623.14146609929;-46801.92;-1821.2214660992925;0.0;17629.87;5999.99999999999;-3443.0999429123794
141;6;289;252.41669090376448;-2.32388860312669e-11;21072.96994291268;17629.87;21072.96994291268;6169.272167197596;12006.12127555782;12006.12127555782;29052.082337754164;39329.66255027347;39329.66255027347;3810.4175675660013;11686.8210337932;11686.8210337932;1425.738193590919;0.0;13700.0;0.9241435122647744;0.0;15403.0;-46458.43440226916;-44712.96;-1745.4744022691593;0.0;17629.87;5999.99999999999;-3443.0999429123794
142;6;289;244.85690133123416;-2.32388860312669e-11;21072.96994291268;17629.87;21072.96994291268;5933.028722649272;12006.12127555782;12006.12127555782;28107.108784188156;39329.66255027347;39329.66255027347;3621.4228178057956;11686.8210337932;11686.8210337932;1453.8564315122242;0.0;13700.0;0.8418203832986594;0.0;15403.0;-45116.25856944699;-43417.92;-1698.3385694469891;0.0;17629.87;5999.9999999999945;-3443.0999429123794
143;6;289;227.5678307851492;-2.32388860312669e-11;21072.96994291268;17629.87;21072.96994291268;5392.74522031069;12006.12127555782;12006.12127555782;25945.975300512306;39329.66255027347;39329.66255027347;3189.1960296983616;11686.8210337932;11686.8210337932;1571.3054120792717;0.0;13700.0;0.7535221885204878;0.0;15403.0;-42099.975478306165;-40508.159999999996;-1591.8154783061661;0.0;17629.87;5999.999999999992;-3443.0999429123794
144;6;289;212.4702449800316;-2.32388860312669e-11;21072.96994291268;17629.87;21072.96994291268;4920.945620962893;12006.12127555782;12006.12127555782;24058.77737529165;39329.66255027347;39329.66255027347;2811.756362593312;11686.8210337932;11686.8210337932;2015.9605613931824;0.0;13700.0;0.7993310264129225;0.0;15403.0;-39808.239245331766;-38297.28;-1510.9592453317673;0.0;17629.87;5999.999999999987;-3443.0999429123794
145;7;338;240.5554102870231;-2.32388860312669e-11;21072.96994291268;17629.87;21072.96994291268;5798.6071152445165;12006.12127555782;12006.12127555782;27569.42248959889;39329.66255027347;39329.66255027347;3513.8855354183056;11686.8210337932;11686.8210337932;1557.9423319109528;0.0;13700.0;0.9799107931773038;0.0;15403.0;-44440.8373760305;-42766.08;-1674.7573760304915;0.0;17629.87;6000.000000000003;-3443.0999429123794
146;7;338;230.57864300432144;-2.32388860312669e-11;21072.96994291268;17629.87;21072.96994291268;5486.833111282332;12006.12127555782;12006.12127555782;26322.3267640482;39329.66255027347;39329.66255027347;3264.4663398474727;11686.8210337932;11686.8210337932;1556.9041409527354;0.0;13700.0;0.9433965021036238;0.0;15403.0;-42631.473746033604;-41020.799999999996;-1610.6737460336099;0.0;17629.87;5999.999999999993;-3443.0999429123794
147;7;338;225.56561042339348;-2.32388860312669e-11;21072.96994291268;17629.87;21072.96994291268;5330.175829093703;12006.12127555782;12006.12127555782;25695.69778969569;39329.66255027347;39329.66255027347;3139.1405181402192;11686.8210337932;11686.8210337932;1585.6529517284946;0.0;13700.0;0.942732605902284;0.0;15403.0;-41751.609814843614;-40172.159999999996;-1579.4498148436157;0.0;17629.87;5999.999999999995;-3443.0999429123794
148;7;338;226.32953109549297;-2.32388860312669e-11;21072.96994291268;17629.87;21072.96994291268;5354.048352003367;12006.12127555782;12006.12127555782;25791.18786061596;39329.66255027347;39329.66255027347;3158.2385359238;11686.8210337932;11686.8210337932;1561.5732210503686;0.0;13700.0;0.9819024817813227;0.0;15403.0;-41866.02986563954;-40282.56;-1583.4698656395424;0.0;17629.87;6000.000000000169;-3443.0999429123794
149;7;338;226.6024765538337;-2.32388860312669e-11;21072.96994291268;17629.87;21072.96994291268;5362.577898311194;12006.12127555782;12006.12127555782;25825.306037519043;39329.66255027347;39329.66255027347;3165.0621727528996;11686.8210337932;11686.8210337932;1527.9663436015944;0.0;13700.0;0.9666328691505109;0.0;15403.0;-41881.87907859976;-40297.92;-1583.9590785997664;0.0;17629.87;5999.999999999977;-3443.0999429123794
150;7;338;225.95476234116586;-2.32388860312669e-11;21072.96994291268;17629.87;21072.96994291268;5342.336827560158;12006.12127555782;12006.12127555782;25744.34177216814;39329.66255027347;39329.66255027347;3148.8693166144863;11686.8210337932;11686.8210337932;1527.8718503139037;0.0;13700.0;0.997835990613474;0.0;15403.0;-41764.41759621341;-40184.64;-1579.7775962134137;0.0;17629.87;6000.000000000067;-3443.0999429123794
151;7;338;226.2617752073973;-2.32388860312669e-11;21072.96994291268;17629.87;21072.96994291268;5351.930980539013;12006.12127555782;12006.12127555782;25782.71837408611;39329.66255027347;39329.66255027347;3156.5446387359275;11686.8210337932;11686.8210337932;1556.7695034578567;0.0;13700.0;1.13327081568676;0.0;15403.0;-41849.096761189416;-40266.24;-1582.8567611894175;0.0;17629.87;5999.999999999994;-3443.0999429123794
152;7;338;236.353974463566;-2.32388860312669e-11;21072.96994291268;17629.87;21072.96994291268;5667.312234564526;12006.12127555782;12006.12127555782;27044.24309007859;39329.66255027347;39329.66255027347;3408.849634100198;11686.8210337932;11686.8210337932;1648.5088985349182;0.0;13700.0;1.3882069570011804;0.0;15403.0;-43770.30205744258;-42119.04;-1651.2620574425787;0.0;17629.87;5999.999999999996;-3443.0999429123794
153;7;338;251.6309309913065;-2.32388860312669e-11;21072.96994291268;17629.87;21072.96994291268;6144.717167547611;12006.12127555782;12006.12127555782;28953.862365257406;39329.66255027347;39329.66255027347;3790.7735685350585;11686.8210337932;11686.8210337932;1769.9840342813945;0.0;13700.0;46.83920479691365;0.0;15403.0;-46706.17633309705;-44951.04;-1755.1363330970503;0.0;17629.87;5999.999999999994;-3443.0999429123794
154;7;338;271.25564039777885;-2.32388860312669e-11;21072.96994291268;17629.87;21072.96994291268;6757.9893920789855;12006.12127555782;12006.12127555782;31406.950651378986;39329.66255027347;39329.66255027347;4281.391332152106;11686.8210337932;11686.8210337932;1743.3573080579442;0.0;13700.0;226.1834607306018;0.0;15403.0;-50415.87213636919;-48530.88;-1884.9921363691872;0.0;17629.87;5999.999999999992;-3443.0999429123794
155;7;338;285.5423005618904;-2.32388860312669e-11;21072.96994291268;17629.87;21072.96994291268;7204.447562836212;12006.12127555782;12006.12127555782;33192.78288681956;39329.66255027347;39329.66255027347;4638.55785705794;11686.8210337932;11686.8210337932;1710.1055524419933;0.0;13700.0;448.77789859676227;0.0;15403.0;-53194.671749205445;-51213.119999999995;-1981.5517492054519;0.0;17629.87;5999.999999999997;-3443.0999429123794
156;7;338;300.44187379452893;-2.32388860312669e-11;21072.96994291268;17629.87;21072.96994291268;7670.059269758405;12006.12127555782;12006.12127555782;35055.22923627226;39329.66255027347;39329.66255027347;5011.047210098008;11686.8210337932;11686.8210337932;1671.0470916570014;0.0;13700.0;596.8499878625469;0.0;15403.0;-56004.23278654829;-53926.079999999994;-2078.1527865482913;0.0;17629.87;5999.999999999994;-3443.0999429123794
157;7;338;303.1164042202456;-2.32388860312669e-11;21072.96994291268;17629.87;21072.96994291268;7753.638352826219;12006.12127555782;12006.12127555782;35389.54548842198;39329.66255027347;39329.66255027347;5077.910474461324;11686.8210337932;11686.8210337932;1747.7602011817582;0.0;13700.0;636.0450917972375;0.0;15403.0;-56604.89959949608;-54505.92;-2098.9795994960773;0.0;17629.87;5999.9999999999945;-3443.0999429123794
158;7;338;294.750406454479;-2.32388860312669e-11;21072.96994291268;17629.87;21072.96994291268;7492.2008975036315;12006.12127555782;12006.12127555782;34343.79594419082;39329.66255027347;39329.66255027347;4868.760517442787;11686.8210337932;11686.8210337932;1852.9756978104563;0.0;13700.0;451.6472579789516;0.0;15403.0;-55009.380306054496;-52965.119999999995;-2044.2603060544993;0.0;17629.87;5999.999999999995;-3443.0999429123794
159;7;338;290.3325434959308;-2.32388860312669e-11;21072.96994291268;17629.87;21072.96994291268;7354.142667934359;12006.12127555782;12006.12127555782;33791.56315946163;39329.66255027347;39329.66255027347;4758.313937275216;11686.8210337932;11686.8210337932;1981.389605368693;0.0;13700.0;208.0823308010757;0.0;15403.0;-54093.49169212313;-52080.96;-2012.5316921231256;0.0;17629.87;5999.9999999999945;-3443.0999429123794
160;7;338;290.90968554031383;-2.32388860312669e-11;21072.96994291268;17629.87;21072.96994291268;7372.178358878352;12006.12127555782;12006.12127555782;33863.705900632;39329.66255027347;39329.66255027347;4772.742489437485;11686.8210337932;11686.8210337932;2039.3751334383521;0.0;13700.0;52.1563494734417;0.0;15403.0;-54100.158223115555;-52087.68;-2012.4782231155527;0.0;17629.87;5999.9999999999945;-3443.0999429123794
161;7;338;298.0988404965816;-2.32388860312669e-11;21072.96994291268;17629.87;21072.96994291268;7596.839472331813;12006.12127555782;12006.12127555782;34762.3501222494;39329.66255027347;39329.66255027347;4952.47137413337;11686.8210337932;11686.8210337932;2201.3508334126736;0.0;13700.0;3.00081083005454;0.0;15403.0;-55516.01260394486;-53454.72;-2061.292603944855;0.0;17629.87;5999.999999999991;-3443.0999429123794
162;7;338;308.2155674891464;-2.32388860312669e-11;21072.96994291268;17629.87;21072.96994291268;7912.986958100088;12006.12127555782;12006.12127555782;36026.94262232517;39329.66255027347;39329.66255027347;5205.389429841338;11686.8210337932;11686.8210337932;2388.3857827205256;0.0;13700.0;1.4147628050547658;0.0;15403.0;-57535.11954974766;-55404.479999999996;-2130.639549747665;0.0;17629.87;6000.0;-3443.0999429123794
163;7;338;309.0578071712513;-2.32388860312669e-11;21072.96994291268;17629.87;21072.96994291268;7939.30677790871;12006.12127555782;12006.12127555782;36132.22377268302;39329.66255027347;39329.66255027347;5226.4453347610915;11686.8210337932;11686.8210337932;2456.5759682575404;0.0;13700.0;1.3955098152159167;0.0;15403.0;-57755.947359551945;-55617.6;-2138.347359551949;0.0;17629.87;5999.999999999983;-3443.0999429123794
164;7;338;300.4759243691788;-2.32388860312669e-11;21072.96994291268;17629.87;21072.96994291268;7671.123271276697;12006.12127555782;12006.12127555782;35059.48610977823;39329.66255027347;39329.66255027347;5011.898434066163;11686.8210337932;11686.8210337932;2377.0842619921405;0.0;13700.0;1.270033433162725;0.0;15403.0;-56120.86210245302;-54038.4;-2082.462102453017;0.0;17629.87;5999.999999999992;-3443.0999429123794
165;7;338;287.64859407675306;-2.32388860312669e-11;21072.96994291268;17629.87;21072.96994291268;7270.269239000382;12006.12127555782;12006.12127555782;33456.06954920658;39329.66255027347;39329.66255027347;4691.215196889081;11686.8210337932;11686.8210337932;2315.3004743192478;0.0;13700.0;1.1345986080894392;0.0;15403.0;-53733.98904942769;-51733.439999999995;-2000.5490494276967;0.0;17629.87;5999.999999999989;-3443.0999429123794
166;7;338;280.87608407251906;-2.32388860312669e-11;21072.96994291268;17629.87;21072.96994291268;7058.62828208648;12006.12127555782;12006.12127555782;32609.505933995515;39329.66255027347;39329.66255027347;4521.902436910304;11686.8210337932;11686.8210337932;2227.29696092348;0.0;13700.0;1.021072357660361;0.0;15403.0;-52418.35467792337;-50463.36;-1954.9946779233721;0.0;17629.87;5999.999999999996;-3443.0999429123794
167;7;338;276.7804094473938;-2.32388860312669e-11;21072.96994291268;17629.87;21072.96994291268;6930.638438922486;12006.12127555782;12006.12127555782;32097.546683965178;39329.66255027347;39329.66255027347;4419.510565583702;11686.8210337932;11686.8210337932;2156.085460593129;0.0;13700.0;0.9905331323987381;0.0;15403.0;-51604.771673988595;-49678.08;-1926.6916739885914;0.0;17629.87;6000.000000000004;-3443.0999429123794
168;7;338;262.5550899997689;-2.32388860312669e-11;21072.96994291268;17629.87;21072.96994291268;6486.097165874794;12006.12127555782;12006.12127555782;30319.38203567576;39329.66255027347;39329.66255027347;4063.877558755189;11686.8210337932;11686.8210337932;2161.5839817715987;0.0;13700.0;0.9845580665866812;0.0;15403.0;-49031.925292449196;-47194.56;-1837.3652924491967;0.0;17629.87;5999.999999999991;-3443.0999429123794
169;8;361;196.794401467691;-2.32388860312669e-11;21072.96994291268;17629.87;21072.96994291268;4431.075473328452;12006.12127555782;12006.12127555782;22099.29720020095;39329.66255027347;39329.66255027347;2419.8602554097806;11686.8210337932;11686.8210337932;6033.960290729713;0.0;13700.0;0.9911970286000776;0.0;15403.0;-40985.184411245085;-39423.36;-1561.8244112450866;0.0;17629.87;5999.999999999996;-3443.0999429123794
170;8;361;189.19805557513186;-2.32388860312669e-11;21072.96994291268;17629.87;21072.96994291268;4193.68964429307;12006.12127555782;12006.12127555782;21149.754102890904;39329.66255027347;39329.66255027347;2229.9515979131825;11686.8210337932;11686.8210337932;5863.847668759845;0.0;13700.0;0.9991637830161534;0.0;15403.0;-39438.24217244114;-37932.479999999996;-1505.7621724411404;0.0;17629.87;5999.999999999998;-3443.0999429123794
171;8;361;189.9001612166591;-2.32388860312669e-11;21072.96994291268;17629.87;21072.96994291268;4215.630447575106;12006.12127555782;12006.12127555782;21237.51729424953;39329.66255027347;39329.66255027347;2247.504239966534;11686.8210337932;11686.8210337932;5684.403062626586;0.0;13700.0;1.0084583298349081;0.0;15403.0;-39386.063497523384;-37882.56;-1503.5034975233846;0.0;17629.87;5999.999999999994;-3443.0999429123794
172;8;361;193.81112426174832;-2.32388860312669e-11;21072.96994291268;17629.87;21072.96994291268;4337.848053082605;12006.12127555782;12006.12127555782;21726.387602478826;39329.66255027347;39329.66255027347;2345.2783213905;11686.8210337932;11686.8210337932;5664.636672610083;0.0;13700.0;1.0283752158750974;0.0;15403.0;-40075.179019421776;-38546.88;-1528.2990194217816;0.0;17629.87;5999.9999999999945;-3443.0999429123794
173;8;361;198.5695045811817;-2.32388860312669e-11;21072.96994291268;17629.87;21072.96994291268;4486.547450508275;12006.12127555782;12006.12127555782;22321.18505528966;39329.66255027347;39329.66255027347;2464.237835745822;11686.8210337932;11686.8210337932;5770.302401962482;0.0;13700.0;1.065553403150117;0.0;15403.0;-41043.338291394706;-39480.0;-1563.3382913947034;0.0;17629.87;5999.999999999986;-3443.0999429123794
174;8;361;204.44128106879114;-2.32388860312669e-11;21072.96994291268;17629.87;21072.96994291268;4670.0404812454135;12006.12127555782;12006.12127555782;23055.157007662805;39329.66255027347;39329.66255027347;2611.0322558704506;11686.8210337932;11686.8210337932;6049.817870172416;0.0;13700.0;1.1180012030559483;0.0;15403.0;-42387.16561044196;-40775.04;-1612.1256104419624;0.0;17629.87;5999.999999999991;-3443.0999429123794
175;8;361;216.75166215872162;-2.32388860312669e-11;21072.96994291268;17629.87;21072.96994291268;5054.739923061;12006.12127555782;12006.12127555782;24593.95441433782;39329.66255027347;39329.66255027347;2918.7917998877406;11686.8210337932;11686.8210337932;6693.762451240904;0.0;13700.0;1.430696313886917;0.0;15403.0;-45262.67927871185;-43546.56;-1716.119278711846;0.0;17629.87;5999.999999999995;-3443.0999429123794
176;8;361;236.58909957171443;-2.32388860312669e-11;21072.96994291268;17629.87;21072.96994291268;5674.659895094298;12006.12127555782;12006.12127555782;27073.63372041827;39329.66255027347;39329.66255027347;3414.7277622825927;11686.8210337932;11686.8210337932;6856.172326256052;0.0;13700.0;1.55351711113443;0.0;15403.0;-49020.74721435908;-47171.52;-1849.2272143590844;0.0;17629.87;5999.999999999993;-3443.0999429123794
177;8;361;252.74983930484186;-2.32388860312669e-11;21072.96994291268;17629.87;21072.96994291268;6179.683056158085;12006.12127555782;12006.12127555782;29093.725875545057;39329.66255027347;39329.66255027347;3818.7462783461915;11686.8210337932;11686.8210337932;7317.916555768576;0.0;13700.0;128.79984643709722;0.0;15403.0;-52538.87160488606;-50565.119999999995;-1973.751604886066;0.0;17629.87;5999.999999999989;-3443.0999429123794
178;8;361;261.99065632531176;-2.32388860312669e-11;21072.96994291268;17629.87;21072.96994291268;6468.458614712838;12006.12127555782;12006.12127555782;30248.82781595199;39329.66255027347;39329.66255027347;4049.7667175117244;11686.8210337932;11686.8210337932;6892.643647288533;0.0;13700.0;943.8711878875813;0.0;15403.0;-54603.56797564404;-52557.119999999995;-2046.447975644045;0.0;17629.87;5999.999999999987;-3443.0999429123794
179;8;361;264.12279192267073;-2.32388860312669e-11;21072.96994291268;17629.87;21072.96994291268;6535.0878599250855;12006.12127555782;12006.12127555782;30515.34471077127;39329.66255027347;39329.66255027347;4103.070111438439;11686.8210337932;11686.8210337932;6343.482009805195;0.0;13700.0;2018.9966464686138;0.0;15403.0;-55515.98133060072;-53436.479999999996;-2079.501330600726;0.0;17629.87;6000.000000000004;-3443.0999429123794
180;8;361;268.145099640506;-2.32388860312669e-11;21072.96994291268;17629.87;21072.96994291268;6660.784989022986;12006.12127555782;12006.12127555782;31018.133084773304;39329.66255027347;39329.66255027347;4203.627810998473;11686.8210337932;11686.8210337932;5900.788985818027;0.0;13700.0;2820.4767048852723;0.0;15403.0;-56603.81156752568;-54485.759999999995;-2118.0515675256815;0.0;17629.87;5999.999999999993;-3443.0999429123794
181;8;361;269.65820546359646;-2.32388860312669e-11;21072.96994291268;17629.87;21072.96994291268;6708.06954995151;12006.12127555782;12006.12127555782;31207.271284628674;39329.66255027347;39329.66255027347;4241.4554585904825;11686.8210337932;11686.8210337932;5442.77260914536;0.0;13700.0;2959.502544511603;0.0;15403.0;-56559.07143879662;-54443.52;-2115.5514387966255;0.0;17629.87;5999.999999995864;-3443.0999429123794
182;8;361;266.5937956200333;-2.32388860312669e-11;21072.96994291268;17629.87;21072.96994291268;6612.306732066053;12006.12127555782;12006.12127555782;30824.220126916804;39329.66255027347;39329.66255027347;4164.845207248448;11686.8210337932;11686.8210337932;5320.892325707871;0.0;13700.0;2374.9226862422147;0.0;15403.0;-55297.18707028934;-53227.2;-2069.9870702893427;0.0;17629.87;5999.9999999999945;-3443.0999429123794
183;8;361;267.2840166604964;-2.32388860312669e-11;21072.96994291268;17629.87;21072.96994291268;6633.876138749241;12006.12127555782;12006.12127555782;30910.497763228832;39329.66255027347;39329.66255027347;4182.100732830309;11686.8210337932;11686.8210337932;5109.533074859637;0.0;13700.0;1399.6405773806514;0.0;15403.0;-54235.64827916706;-52205.759999999995;-2029.8882791670608;0.0;17629.87;5999.999999999989;-3443.0999429123794
184;8;361;273.7673005384568;-2.32388860312669e-11;21072.96994291268;17629.87;21072.96994291268;6836.478774614046;12006.12127555782;12006.12127555782;31720.908145505324;39329.66255027347;39329.66255027347;4344.182837290092;11686.8210337932;11686.8210337932;4671.990861456367;0.0;13700.0;414.232723656255;0.0;15403.0;-53987.79333445326;-51970.56;-2017.2333344532633;0.0;17629.87;5999.99999999999;-3443.0999429123794
185;8;361;283.7136624964193;-2.32388860312669e-11;21072.96994291268;17629.87;21072.96994291268;7147.302613055207;12006.12127555782;12006.12127555782;32964.203199170974;39329.66255027347;39329.66255027347;4592.841900192867;11686.8210337932;11686.8210337932;4661.394643568127;0.0;13700.0;20.671736021111094;0.0;15403.0;-55386.41408359217;-53322.24;-2064.174083592173;0.0;17629.87;5999.999999999995;-3443.0999429123794
186;8;361;295.39001486500223;-2.32388860312669e-11;21072.96994291268;17629.87;21072.96994291268;7512.188658923352;12006.12127555782;12006.12127555782;34423.747003920274;39329.66255027347;39329.66255027347;4884.750726998545;11686.8210337932;11686.8210337932;5233.056800379108;0.0;13700.0;1.2600749901426307;0.0;15403.0;-58055.00325635775;-55897.92;-2157.0832563577524;0.0;17629.87;5999.999999999984;-3443.0999429123794
187;8;361;294.94960544157453;-2.32388860312669e-11;21072.96994291268;17629.87;21072.96994291268;7498.425864082863;12006.12127555782;12006.12127555782;34368.69582837455;39329.66255027347;39329.66255027347;4873.740491230602;11686.8210337932;11686.8210337932;5572.48410100057;0.0;13700.0;1.1465487397135528;0.0;15403.0;-58314.49282457926;-56147.52;-2166.972824579265;0.0;17629.87;5999.999999999986;-3443.0999429123794
188;8;361;281.61451360213476;-2.32388860312669e-11;21072.96994291268;17629.87;21072.96994291268;7081.704206960671;12006.12127555782;12006.12127555782;32701.809608980067;39329.66255027347;39329.66255027347;4540.363176228619;11686.8210337932;11686.8210337932;5976.087784043369;0.0;13700.0;1.0356780740898333;0.0;15403.0;-56301.00044591099;-54201.6;-2099.4004459109906;0.0;17629.87;6000.000000000004;-3443.0999429123794
189;8;361;262.0314094514809;-2.32388860312669e-11;21072.96994291268;17629.87;21072.96994291268;6469.7321475506415;12006.12127555782;12006.12127555782;30253.92197389408;39329.66255027347;39329.66255027347;4050.785544453953;11686.8210337932;11686.8210337932;6077.673626739026;0.0;13700.0;1.0310308006804558;0.0;15403.0;-52853.14431575949;-50872.32;-1980.8243157594882;0.0;17629.87;5999.99999999999;-3443.0999429123794
190;8;361;248.8845138157507;-2.32388860312669e-11;21072.96994291268;17629.87;21072.96994291268;6058.89162295753;12006.12127555782;12006.12127555782;28610.560271678252;39329.66255027347;39329.66255027347;3722.1131351414456;11686.8210337932;11686.8210337932;6171.2862122838305;0.0;13700.0;0.9892053399960588;0.0;15403.0;-50563.84044018055;-48662.4;-1901.4404401805507;0.0;17629.87;5999.999999999995;-3443.0999429123794
191;8;361;240.71055056187566;-2.32388860312669e-11;21072.96994291268;17629.87;21072.96994291268;5803.455248806327;12006.12127555782;12006.12127555782;27588.815022494397;39329.66255027347;39329.66255027347;3517.7640422914756;11686.8210337932;11686.8210337932;6018.969208559096;0.0;13700.0;0.9327741628821897;0.0;15403.0;-48929.936289379926;-47086.08;-1843.8562893799267;0.0;17629.87;6000.0;-3443.0999429123794
192;8;361;222.07331991824543;-2.32388860312669e-11;21072.96994291268;17629.87;21072.96994291268;5221.041741518825;12006.12127555782;12006.12127555782;25259.16154008013;39329.66255027347;39329.66255027347;3051.8332507710657;11686.8210337932;11686.8210337932;6125.313683814577;0.0;13700.0;1.0290391120764368;0.0;15403.0;-45658.379248995414;-43929.6;-1728.7792489954143;0.0;17629.87;5999.999999999995;-3443.0999429123794
