Timestep;Day;DayOfYear;EOM_price;CM_price;TotalCapOffer;TotalCapDemanded;TotalLocalCapSupply;Gen_B_MidMerit;new_capacity_Gen_B_MidMerit;Capacity_Gen_B_MidMerit;Gen_B_Baseload;new_capacity_Gen_B_Baseload;Capacity_Gen_B_Baseload;Gen_B_Peak;new_capacity_Gen_B_Peak;Capacity_Gen_B_Peak;Gen_B_WindOnshore;new_capacity_Gen_B_WindOnshore;Capacity_Gen_B_WindOnshore;Gen_B_PV;new_capacity_Gen_B_PV;Capacity_Gen_B_PV;Cons_B;Inelastic_Cons_B;Elastic_Cons_B;ENS_Cons_B;CapDemand_Cons_B;NetworkManager;CapacityManager
1;1;32;109.75746637133935;70000.00001498465;14615.107340592205;15468.46;14615.107340592205;1711.1553679434146;2145.203441041757;2145.203441041757;9570.828799173201;9570.828799172587;9570.828799172587;162.62090929020385;2899.0751003770793;2899.0751003770793;1109.3473640242632;0.0;5315.0;0.0;0.0;8788.0;-10053.952907816813;-9662.4;-391.55290781681373;0.0;15468.46;-2500.0000000000355;853.3526925324056
2;1;32;102.19268237249238;70000.00001498465;14615.107340592205;15468.46;14615.107340592205;1474.7558674358756;2145.203441041757;2145.203441041757;9570.828799173138;9570.828799172587;9570.828799172587;36.54117559154333;2899.0751003770793;2899.0751003770793;1121.946690129268;0.0;5315.0;0.0;0.0;8788.0;-9704.07299974822;-9325.44;-378.6329997482183;0.0;15468.46;-2500.000000000194;853.3526925324056
3;1;32;98.57475170552803;70000.00001498465;14615.107340592205;15468.46;14615.107340592205;1361.741728046264;2145.203441041757;2145.203441041757;9570.828799153436;9570.828799172587;9570.828799172587;0.0;2899.0751003770793;2899.0751003770793;1123.4897339055615;0.0;5315.0;0.0;0.0;8788.0;-9328.795095590309;-8964.48;-364.3150955903089;0.0;15468.46;-2727.2642298380556;853.3526925324056
4;1;32;98.67216888521317;70000.00001498465;14615.107340592205;15468.46;14615.107340592205;1364.7846227704554;2145.203441041757;2145.203441041757;9570.828799157578;9570.828799172587;9570.828799172587;0.0;2899.0751003770793;2899.0751003770793;1035.8835334099108;0.0;5315.0;0.0;0.0;8788.0;-9129.982356034605;-8773.44;-356.54235603460495;0.0;15468.46;-2841.5137012196656;853.3526925324056
5;1;32;99.95268141239909;70000.00001498465;14615.107340592205;15468.46;14615.107340592205;1404.8146522459065;2145.203441041757;2145.203441041757;9570.828799173003;9570.828799172587;9570.828799172587;0.0;2899.0751003770793;2899.0751003770793;1034.4284123559132;0.0;5315.0;0.0;0.0;8788.0;-9187.807359846127;-8829.119999999999;-358.6873598461278;0.0;15468.46;-2822.263227562448;853.3526925324056
6;1;32;103.01298993446262;70000.00001498465;14615.107340592205;15468.46;14615.107340592205;1500.470756800265;2145.203441041757;2145.203441041757;9570.828799173152;9570.828799172587;9570.828799172587;50.2313645026836;2899.0751003770793;2899.0751003770793;1053.5779812719638;0.0;5315.0;0.0;0.0;8788.0;-9667.031445965129;-9289.92;-377.1114459651287;0.0;15468.46;-2508.0754673735164;853.3526925324056
7;1;32;121.15367062096156;70000.00001498465;14615.107340592205;15468.46;14615.107340592205;2067.286752420741;2145.203441041757;2145.203441041757;9570.828799173223;9570.828799172587;9570.828799172587;352.55764715373806;2899.0751003770793;2899.0751003770793;1208.348349329465;0.0;5315.0;0.0;0.0;8788.0;-10699.022015414086;-10283.52;-415.5020154140865;0.0;15468.46;-2500.0000000000814;853.3526925324056
8;1;32;148.03241074220946;70000.00001498465;14615.107340592205;15468.46;14615.107340592205;2145.2034410416404;2145.203441041757;2145.203441041757;9570.828799173236;9570.828799172587;9570.828799172587;800.5326900339006;2899.0751003770793;2899.0751003770793;1547.2904437802222;0.0;5315.0;0.0;0.0;8788.0;-11563.85635878227;-11117.76;-446.0963587822694;0.0;15468.46;-2500.0000000012847;853.3526925324056
9;1;32;170.60063203168195;70000.00001498465;14615.107340592205;15468.46;14615.107340592205;2145.2034410417577;2145.203441041757;2145.203441041757;9570.82879917324;9570.828799172587;9570.828799172587;1176.6779842662354;2899.0751003770793;2899.0751003770793;1861.9746591495357;0.0;5315.0;5.068043537161093;0.0;8788.0;-12033.435796025098;-11571.84;-461.5957960250974;0.0;15468.46;-2726.3174893134737;853.3526925324056
10;1;32;165.58444141739918;70000.00001498465;14615.107340592205;15468.46;14615.107340592205;2145.2034410417427;2145.203441041757;2145.203441041757;9570.82879917324;9570.828799172587;9570.828799172587;1093.074909960438;2899.0751003770793;2899.0751003770793;1971.58352089974;0.0;5315.0;96.25819365114954;0.0;8788.0;-12177.802007603488;-11710.08;-467.7220076034879;0.0;15468.46;-2699.147295583434;853.3526925324056
11;1;32;154.73056762493073;70000.00001498465;14615.107340592205;15468.46;14615.107340592205;2145.203441041693;2145.203441041757;2145.203441041757;9570.828799173238;9570.828799172587;9570.828799172587;912.1764270010735;2899.0751003770793;2899.0751003770793;2181.683658098061;0.0;5315.0;198.1808976187019;0.0;8788.0;-12308.92482187371;-11834.88;-474.0448218737117;0.0;15468.46;-2699.147201766089;853.3526925324056
12;1;32;139.9028141914904;70000.00001498465;14615.107340592205;15468.46;14615.107340592205;2145.203441041518;2145.203441041757;2145.203441041757;9570.828799173234;9570.828799172587;9570.828799172587;665.0477718238506;2899.0751003770793;2899.0751003770793;2299.5045021107035;0.0;5315.0;327.31787941071025;0.0;8788.0;-12308.755575141804;-11832.96;-475.7955751418054;0.0;15468.46;-2699.147265360425;853.3526925324056
13;1;32;116.56331990758085;70000.00001498465;14615.107340592205;15468.46;14615.107340592205;1923.8491817011247;2145.203441041757;2145.203441041757;9570.828799173218;9570.828799172587;9570.828799172587;276.0540687763718;2899.0751003770793;2899.0751003770793;2645.959593181647;0.0;5315.0;434.2739933605002;0.0;8788.0;-12151.818900603397;-11679.359999999999;-472.45890060339804;0.0;15468.46;-2699.1472410896267;853.3526925324056
14;1;32;110.78422480010698;70000.00001498465;14615.107340592205;15468.46;14615.107340592205;1743.2639480708058;2145.203441041757;2145.203441041757;9570.828799173205;9570.828799172587;9570.828799172587;179.73862013853864;2899.0751003770793;2899.0751003770793;2731.7677740063464;0.0;5315.0;442.6437691337172;0.0;8788.0;-12067.61615943569;-11597.76;-469.85615943569104;0.0;15468.46;-2600.6265472318432;853.3526925324056
15;1;32;104.94378633131478;70000.00001498465;14615.107340592205;15468.46;14615.107340592205;1560.8099296865016;2145.203441041757;2145.203441041757;9570.828799173174;9570.828799172587;9570.828799172587;82.41170521674225;2899.0751003770793;2899.0751003770793;2642.9042785818638;0.0;5315.0;536.0273777262036;0.0;8788.0;-11830.571523575247;-11369.279999999999;-461.29152357524754;0.0;15468.46;-2562.4085257990328;853.3526925324056
16;1;32;103.9883406501527;70000.00001498465;14615.107340592205;15468.46;14615.107340592205;1530.94397531006;2145.203441041757;2145.203441041757;9570.828799173165;9570.828799172587;9570.828799172587;66.48575498497117;2899.0751003770793;2899.0751003770793;2560.911943904807;0.0;5315.0;633.744028856916;0.0;8788.0;-11563.962323634489;-11112.96;-451.0023236344896;0.0;15468.46;-2798.9503808871564;853.3526925324056
17;1;32;107.98077757697659;70000.00001498465;14615.107340592205;15468.46;14615.107340592205;1655.6562335026274;2145.203441041757;2145.203441041757;9570.828799173194;9570.828799172587;9570.828799172587;133.01450187676411;2899.0751003770793;2899.0751003770793;2368.963452724477;0.0;5315.0;344.80397647438724;0.0;8788.0;-11379.698831365346;-10936.32;-443.3788313653459;0.0;15468.46;-2693.567928281942;853.3526925324056
18;1;32;123.03977077233274;70000.00001498465;14615.107340592205;15468.46;14615.107340592205;2126.249619535282;2145.203441041757;2145.203441041757;9570.828799173225;9570.828799172587;9570.828799172587;383.99769319271525;2899.0751003770793;2899.0751003770793;2374.3091542400693;0.0;5315.0;20.656991425576248;0.0;8788.0;-11752.521911741957;-11296.32;-456.2019117419575;0.0;15468.46;-2723.520145044918;853.3526925324056
19;1;32;126.30280475777899;70000.00001498465;14615.107340592205;15468.46;14615.107340592205;2145.2034410396445;2145.203441041757;2145.203441041757;9570.828799173227;9570.828799172587;9570.828799172587;438.3725928799133;2899.0751003770793;2899.0751003770793;2538.175127919083;0.0;5315.0;0.0;0.0;8788.0;-12192.580945470077;-11719.68;-472.9009454700765;0.0;15468.46;-2500.000000000077;853.3526925324056
20;1;32;117.85488299112936;70000.00001498465;14615.107340592205;15468.46;14615.107340592205;1964.1996417453142;2145.203441041757;2145.203441041757;9570.82879917322;9570.828799172587;9570.828799172587;297.5778539635132;2899.0751003770793;2899.0751003770793;2445.4957863469576;0.0;5315.0;0.0;0.0;8788.0;-11778.102548483841;-11320.32;-457.78254848384216;0.0;15468.46;-2500.0000000000405;853.3526925324056
21;1;32;101.59571105965071;70000.00001498465;14615.107340592205;15468.46;14615.107340592205;1456.0997464209763;2145.203441041757;2145.203441041757;9570.828799173127;9570.828799172587;9570.828799172587;26.59136181843662;2899.0751003770793;2899.0751003770793;2506.2328029089767;0.0;5315.0;0.0;0.0;8788.0;-11059.752335980564;-10628.16;-431.59233598056295;0.0;15468.46;-2500.0007030177194;853.3526925324056
22;1;32;95.18538276634098;70000.00001498465;14615.107340592205;15468.46;14615.107340592205;1255.8538720810195;2145.203441041757;2145.203441041757;9399.944067196571;9570.828799172587;9570.828799172587;0.0;2899.0751003770793;2899.0751003770793;2544.356095296486;0.0;5315.0;0.0;0.0;8788.0;-10409.082649864678;-10002.24;-406.8426498646795;0.0;15468.46;-2791.0692471123384;853.3526925324056
23;1;32;92.27640001787276;70000.00001498465;14615.107340592205;15468.46;14615.107340592205;1165.0033078144756;2145.203441041757;2145.203441041757;9037.931899857782;9570.828799172587;9570.828799172587;0.0;2899.0751003770793;2899.0751003770793;2533.976817929453;0.0;5315.0;0.0;0.0;8788.0;-10214.565688790397;-9815.039999999999;-399.5256887903979;0.0;15468.46;-2522.342255655579;853.3526925324056
24;1;32;91.09140225719072;70000.00001498465;14615.107340592205;15468.46;14615.107340592205;1127.8563071890917;2145.203441041757;2145.203441041757;8886.425338717758;9570.828799172587;9570.828799172587;0.0;2899.0751003770793;2899.0751003770793;2463.6210555482617;0.0;5315.0;0.0;0.0;8788.0;-9977.90270165517;-9587.52;-390.3827016551691;0.0;15468.46;-2500.0000000002237;853.3526925324056
25;2;116;97.85642551578178;70000.00001498465;14615.107340592205;15468.46;14615.107340592205;1339.290086248245;2145.203441041757;2145.203441041757;9570.82879901269;9570.828799172587;9570.828799172587;0.0;2899.0751003770793;2899.0751003770793;390.1658724603576;0.0;5315.0;0.0;0.0;8788.0;-8417.75462231896;-8088.96;-328.7946223189605;0.0;15468.46;-2882.529306353339;853.3526925324056
26;2;116;95.67779436244568;70000.00001498465;14615.107340592205;15468.46;14615.107340592205;1271.175595520966;2145.203441041757;2145.203441041757;9459.56384570071;9570.828799172587;9570.828799172587;0.0;2899.0751003770793;2899.0751003770793;488.6569059762427;0.0;5315.0;0.0;0.0;8788.0;-8162.183123134336;-7843.2;-318.9831231343359;0.0;15468.46;-3057.2134174202747;853.3526925324056
27;2;116;95.33751905473314;70000.00001498465;14615.107340592205;15468.46;14615.107340592205;1260.5286064044412;2145.203441041757;2145.203441041757;9416.638472150316;9570.828799172587;9570.828799172587;0.0;2899.0751003770793;2899.0751003770793;498.789999720847;0.0;5315.0;0.0;0.0;8788.0;-8051.316745719822;-7736.639999999999;-314.67674571982303;0.0;15468.46;-3124.64099766215;853.3526925324056
28;2;116;95.67696927674021;70000.00001498465;14615.107340592205;15468.46;14615.107340592205;1271.1458346975562;2145.203441041757;2145.203441041757;9459.344554752157;9570.828799172587;9570.828799172587;0.0;2899.0751003770793;2899.0751003770793;476.3345364464705;0.0;5315.0;0.0;0.0;8788.0;-8075.266428753141;-7759.679999999999;-315.5864287531411;0.0;15468.46;-3131.5588306569466;853.3526925324056
29;2;116;99.04726876709728;70000.00001498465;14615.107340592205;15468.46;14615.107340592205;1376.5063639231987;2145.203441041757;2145.203441041757;9570.828799170331;9570.828799172587;9570.828799172587;0.0;2899.0751003770793;2899.0751003770793;468.5929407483147;0.0;5315.0;0.0;0.0;8788.0;-8469.602777694863;-8138.88;-330.7227776948629;0.0;15468.46;-2946.3244315962284;853.3526925324056
30;2;116;110.66060595585957;70000.00001498465;14615.107340592205;15468.46;14615.107340592205;1739.4008576130136;2145.203441041757;2145.203441041757;9570.828799173212;9570.828799172587;9570.828799172587;177.67830545004347;2899.0751003770793;2899.0751003770793;518.6693272319536;0.0;5315.0;4.325346192686995;0.0;8788.0;-9392.594584507;-9026.88;-365.71458450700163;0.0;15468.46;-2618.3078473975143;853.3526925324056
31;2;116;127.39616751126997;70000.00001498465;14615.107340592205;15468.46;14615.107340592205;2145.2034410403944;2145.203441041757;2145.203441041757;9570.828799173236;9570.828799172587;9570.828799172587;456.60463372905065;2899.0751003770793;2899.0751003770793;584.9586637069598;0.0;5315.0;176.81969057634467;0.0;8788.0;-10150.05272918195;-9756.48;-393.57272918195065;0.0;15468.46;-2784.362245287879;853.3526925324056
32;2;116;122.2677772313231;70000.00001498465;14615.107340592205;15468.46;14615.107340592205;2102.1248287527783;2145.203441041757;2145.203441041757;9570.828799173232;9570.828799172587;9570.828799172587;371.1311352672229;2899.0751003770793;2899.0751003770793;604.244512842569;0.0;5315.0;715.329139738744;0.0;8788.0;-10532.106864304591;-10123.199999999999;-408.90686430459124;0.0;15468.46;-2831.551350590373;853.3526925324056
33;2;116;101.72654979686412;70000.00001498465;14615.107340592205;15468.46;14615.107340592205;1460.1892270625308;2145.203441041757;2145.203441041757;9570.828799173141;9570.828799172587;9570.828799172587;28.77229993919629;2899.0751003770793;2899.0751003770793;549.9742125054148;0.0;5315.0;1618.3105763993983;0.0;8788.0;-10728.07558242011;-10309.44;-418.63558242010976;0.0;15468.46;-2500.000000000174;853.3526925324056
34;2;116;87.39768311450624;70000.00001498465;14615.107340592205;15468.46;14615.107340592205;1012.4276150508126;2145.203441041757;2145.203441041757;8424.710314199263;9570.828799172587;9570.828799172587;0.0;2899.0751003770793;2899.0751003770793;614.6721477068648;0.0;5315.0;3165.814773843766;0.0;8788.0;-10717.624850534265;-10297.92;-419.70485053426466;0.0;15468.46;-2500.0000000000305;853.3526925324056
35;2;116;78.35482389970906;70000.00001498465;14615.107340592205;15468.46;14615.107340592205;729.8382616949517;2145.203441041757;2145.203441041757;7294.352924612669;9570.828799172587;9570.828799172587;0.0;2899.0751003770793;2899.0751003770793;708.6395571606253;0.0;5315.0;4602.672459652589;0.0;8788.0;-10835.503202897951;-10410.24;-425.26320289795126;0.0;15468.46;-2500.000000000022;853.3526925324056
36;2;116;71.74687950617152;70000.00001498465;14615.107340592205;15468.46;14615.107340592205;523.3399970943863;2145.203441041757;2145.203441041757;6468.359885181436;9570.828799172587;9570.828799172587;0.0;2899.0751003770793;2899.0751003770793;639.8356308279559;0.0;5315.0;5474.849273295035;0.0;8788.0;-10606.384786210545;-10189.44;-416.9447862105443;0.0;15468.46;-2500.000000000013;853.3526925324056
37;2;116;70.68717140845804;70000.00001498465;14615.107340592205;15468.46;14615.107340592205;490.2241187441453;2145.203441041757;2145.203441041757;6335.8963742262085;9570.828799172587;9570.828799172587;0.0;2899.0751003770793;2899.0751003770793;639.769688786234;0.0;5315.0;5432.754111371716;0.0;8788.0;-10398.644292944504;-9989.76;-408.8842929445035;0.0;15468.46;-2500.0000000000073;853.3526925324056
38;2;116;71.29975528952961;70000.00001498465;14615.107340592205;15468.46;14615.107340592205;509.367365293312;2145.203441041757;2145.203441041757;6412.469358234493;9570.828799172587;9570.828799172587;0.0;2899.0751003770793;2899.0751003770793;643.1151483695936;0.0;5315.0;5255.684289565368;0.0;8788.0;-10320.636161274986;-9914.88;-405.7561612749865;0.0;15468.46;-2500.0000000000146;853.3526925324056
39;2;116;73.58464298725065;70000.00001498465;14615.107340592205;15468.46;14615.107340592205;580.7701066788302;2145.203441041757;2145.203441041757;6698.0803169260535;9570.828799172587;9570.828799172587;0.0;2899.0751003770793;2899.0751003770793;613.6390557198879;0.0;5315.0;4710.071113470849;0.0;8788.0;-10102.560592595346;-9705.6;-396.9605925953456;0.0;15468.46;-2499.9999999999977;853.3526925324056
40;2;116;77.77507498071316;70000.00001498465;14615.107340592205;15468.46;14615.107340592205;711.7211078877393;2145.203441041757;2145.203441041757;7221.884310120706;9570.828799172587;9570.828799172587;0.0;2899.0751003770793;2899.0751003770793;644.5087235179841;0.0;5315.0;3835.16979350774;0.0;8788.0;-9913.283934812653;-9524.16;-389.1239348126522;0.0;15468.46;-2500.000000000009;853.3526925324056
41;2;116;83.6876021258857;70000.00001498465;14615.107340592205;15468.46;14615.107340592205;896.4875831255865;2145.203441041757;2145.203441041757;7960.950194996193;9570.828799172587;9570.828799172587;0.0;2899.0751003770793;2899.0751003770793;689.6658336891664;0.0;5315.0;3067.424692478427;0.0;8788.0;-10114.528304038533;-9718.08;-396.448304038533;0.0;15468.46;-2500.0000000000155;853.3526925324056
42;2;116;90.39872268502538;70000.00001498465;14615.107340592205;15468.46;14615.107340592205;1106.2101027829074;2145.203441041757;2145.203441041757;8799.840255631432;9570.828799172587;9570.828799172587;0.0;2899.0751003770793;2899.0751003770793;750.6490338736143;0.0;5315.0;1981.1278496068571;0.0;8788.0;-10137.82724161113;-9741.119999999999;-396.7072416111311;0.0;15468.46;-2500.000000000019;853.3526925324056
43;2;116;99.8119203333265;70000.00001498465;14615.107340592205;15468.46;14615.107340592205;1400.349840689095;2145.203441041757;2145.203441041757;9570.828799173043;9570.828799172587;9570.828799172587;0.0;2899.0751003770793;2899.0751003770793;688.1755435462505;0.0;5315.0;803.6908828672997;0.0;8788.0;-9963.045752540134;-9574.08;-388.96575254013356;0.0;15468.46;-2500.000000000016;853.3526925324056
44;2;116;113.98037348692871;70000.00001498465;14615.107340592205;15468.46;14615.107340592205;1843.1212149278633;2145.203441041757;2145.203441041757;9570.828799173221;9570.828799172587;9570.828799172587;233.00269446407225;2899.0751003770793;2899.0751003770793;632.2830689827367;0.0;5315.0;127.45917846459466;0.0;8788.0;-9906.695423409363;-9521.279999999999;-385.4154234093631;0.0;15468.46;-2500.0000000000423;853.3526925324056
45;2;116;129.92974570842608;70000.00001498465;14615.107340592205;15468.46;14615.107340592205;2145.2034410409947;2145.203441041757;2145.203441041757;9570.828799173238;9570.828799172587;9570.828799172587;498.8309371072093;2899.0751003770793;2899.0751003770793;629.0167398494434;0.0;5315.0;0.034633554923656704;0.0;8788.0;-9698.382524008546;-9322.56;-375.8225240085468;0.0;15468.46;-3145.5317729428093;853.3526925324056
46;2;116;136.51057491152355;70000.00001498465;14615.107340592205;15468.46;14615.107340592205;2145.2034410414494;2145.203441041757;2145.203441041757;9570.82879917324;9570.828799172587;9570.828799172587;608.5114237007102;2899.0751003770793;2899.0751003770793;619.2836944912859;0.0;5315.0;0.0;0.0;8788.0;-9548.946860417382;-9179.52;-369.42686041738034;0.0;15468.46;-3394.880244228515;853.3526925324056
47;2;116;123.6457252387653;70000.00001498465;14615.107340592205;15468.46;14615.107340592205;2145.148470845403;2145.203441041757;2145.203441041757;9570.828799173232;9570.828799172587;9570.828799172587;394.0908591806522;2899.0751003770793;2899.0751003770793;570.5657140671185;0.0;5315.0;0.0;0.0;8788.0;-9180.634480968214;-8824.32;-356.31448096821384;0.0;15468.46;-3499.9999999998704;853.3526925324056
48;2;116;114.53440619971127;70000.00001498465;14615.107340592205;15468.46;14615.107340592205;1860.4347333292972;2145.203441041757;2145.203441041757;9570.828799173221;9570.828799172587;9570.828799172587;242.23657265818332;2899.0751003770793;2899.0751003770793;509.5429486576375;0.0;5315.0;0.0;0.0;8788.0;-8683.043521295704;-8345.279999999999;-337.76352129570483;0.0;15468.46;-3499.9999999997344;853.3526925324056
49;3;138;101.1989989555973;70000.00001498465;14615.107340592205;15468.46;14615.107340592205;1443.7032565434959;2145.203441041757;2145.203441041757;9570.828799173198;9570.828799172587;9570.828799172587;19.979784719119003;2899.0751003770793;2899.0751003770793;754.0912084514993;0.0;5315.0;0.0;0.0;8788.0;-8288.60351640523;-7965.12;-323.48351640522975;0.0;15468.46;-3499.9999999999;853.3526925324056
50;3;138;95.35565805925788;70000.00001498465;14615.107340592205;15468.46;14615.107340592205;1261.1143365341793;2145.203441041757;2145.203441041757;9419.457163418658;9570.828799172587;9570.828799172587;0.0;2899.0751003770793;2899.0751003770793;1049.5731012713848;0.0;5315.0;0.0;0.0;8788.0;-8230.144600890992;-7908.48;-321.66460089099274;0.0;15468.46;-3499.999999999975;853.3526925324056
51;3;138;94.5181961834595;70000.00001498465;14615.107340592205;15468.46;14615.107340592205;1234.9436523506215;2145.203441041757;2145.203441041757;9314.774431338872;9570.828799172587;9570.828799172587;0.0;2899.0751003770793;2899.0751003770793;1047.6212168364154;0.0;5315.0;0.0;0.0;8788.0;-8097.339300201166;-7780.799999999999;-316.53930020116655;0.0;15468.46;-3499.9999999999754;853.3526925324056
52;3;138;95.55951261648133;70000.00001498465;14615.107340592205;15468.46;14615.107340592205;1267.484791632798;2145.203441041757;2145.203441041757;9444.938982286918;9570.828799172587;9570.828799172587;0.0;2899.0751003770793;2899.0751003770793;936.7814369740689;0.0;5315.0;0.0;0.0;8788.0;-8149.205210557785;-7830.719999999999;-318.4852105577857;0.0;15468.46;-3499.999999999968;853.3526925324056
53;3;138;102.29771314844223;70000.00001498465;14615.107340592205;15468.46;14615.107340592205;1478.0811596995961;2145.203441041757;2145.203441041757;9570.828799173209;9570.828799172587;9570.828799172587;38.30174607077872;2899.0751003770793;2899.0751003770793;706.797576128526;0.0;5315.0;0.0;0.0;8788.0;-8311.488835305838;-7987.2;-324.2888353058372;0.0;15468.46;-3482.5195506846953;853.3526925324056
54;3;138;107.65338768271259;70000.00001498465;14615.107340592205;15468.46;14615.107340592205;1645.425103114626;2145.203441041757;2145.203441041757;9570.828799173232;9570.828799172587;9570.828799172587;127.55796610772393;2899.0751003770793;2899.0751003770793;544.9714096067772;0.0;5315.0;165.01734469291574;0.0;8788.0;-8808.507125457485;-8465.279999999999;-343.22712545748635;0.0;15468.46;-3245.2932975328927;853.3526925324056
55;3;138;119.13425396052612;70000.00001498465;14615.107340592205;15468.46;14615.107340592205;2004.2021385760531;2145.203441041757;2145.203441041757;9570.828799173245;9570.828799172587;9570.828799172587;318.90573069310256;2899.0751003770793;2899.0751003770793;416.21297894052265;0.0;5315.0;764.9397830804977;0.0;8788.0;-9749.371306770574;-9370.56;-378.81130677057484;0.0;15468.46;-3325.717924765026;853.3526925324056
56;3;138;109.08646801642622;70000.00001498465;14615.107340592205;15468.46;14615.107340592205;1690.208891265151;2145.203441041757;2145.203441041757;9570.828799173236;9570.828799172587;9570.828799172587;151.44264364842172;2899.0751003770793;2899.0751003770793;223.76772437922148;0.0;5315.0;1878.4085738760602;0.0;8788.0;-10389.653917852831;-9984.96;-404.6939178528322;0.0;15468.46;-3125.0025141624274;853.3526925324056
57;3;138;94.34652855920629;70000.00001498465;14615.107340592205;15468.46;14615.107340592205;1229.543509713146;2145.203441041757;2145.203441041757;9292.278577911344;9570.828799172587;9570.828799172587;0.0;2899.0751003770793;2899.0751003770793;108.59775044380058;0.0;5315.0;3244.4483362115443;0.0;8788.0;-10664.928499149577;-10248.0;-416.92849914957736;0.0;15468.46;-3209.940926810709;853.3526925324056
58;3;138;82.73318350680196;70000.00001498465;14615.107340592205;15468.46;14615.107340592205;866.6619748663963;2145.203441041757;2145.203441041757;7841.647979552178;9570.828799172587;9570.828799172587;0.0;2899.0751003770793;2899.0751003770793;82.9726730306557;0.0;5315.0;4438.832655827077;0.0;8788.0;-10730.115283422112;-10309.44;-420.6752834221114;0.0;15468.46;-2500.000000000109;853.3526925324056
59;3;138;77.45096643602756;70000.00001498465;14615.107340592205;15468.46;14615.107340592205;701.5927154300851;2145.203441041757;2145.203441041757;7181.3707438770925;9570.828799172587;9570.828799172587;0.0;2899.0751003770793;2899.0751003770793;38.62884804071054;0.0;5315.0;5369.043763003265;0.0;8788.0;-10790.636070136166;-10367.039999999999;-423.59607013616653;0.0;15468.46;-2500.000000000011;853.3526925324056
60;3;138;72.52277143350224;70000.00001498465;14615.107340592205;15468.46;14615.107340592205;547.5866197756961;2145.203441041757;2145.203441041757;6565.346376299353;9570.828799172587;9570.828799172587;0.0;2899.0751003770793;2899.0751003770793;36.725321103004106;0.0;5315.0;6042.581746467463;0.0;8788.0;-10692.240063457984;-10272.0;-420.2400634579845;0.0;15468.46;-2500.000000000003;853.3526925324056
61;3;138;72.19740482694175;70000.00001498465;14615.107340592205;15468.46;14615.107340592205;537.418913200717;2145.203441041757;2145.203441041757;6524.675550987862;9570.828799172587;9570.828799172587;0.0;2899.0751003770793;2899.0751003770793;42.097399435284345;0.0;5315.0;6039.118390975097;0.0;8788.0;-10643.31025441323;-10224.96;-418.3502544132317;0.0;15468.46;-2500.0000000000045;853.3526925324056
62;3;138;72.02249049808985;70000.00001498465;14615.107340592205;15468.46;14615.107340592205;531.9528403088257;2145.203441041757;2145.203441041757;6502.81126037053;9570.828799172587;9570.828799172587;0.0;2899.0751003770793;2899.0751003770793;56.28373067773039;0.0;5315.0;5967.342272482204;0.0;8788.0;-10558.390103655296;-10143.359999999999;-415.0301036552976;0.0;15468.46;-2500.000000000001;853.3526925324056
63;3;138;73.53793677277426;70000.00001498465;14615.107340592205;15468.46;14615.107340592205;579.310536972335;2145.203441041757;2145.203441041757;6692.242042250763;9570.828799172587;9570.828799172587;0.0;2899.0751003770793;2899.0751003770793;66.43001283067902;0.0;5315.0;5485.42020389229;0.0;8788.0;-10323.402795753367;-9917.76;-405.6427957533667;0.0;15468.46;-2500.0000000000214;853.3526925324056
64;3;138;78.9919864711228;70000.00001498465;14615.107340592205;15468.46;14615.107340592205;749.7495919791266;2145.203441041757;2145.203441041757;7373.998246350321;9570.828799172587;9570.828799172587;0.0;2899.0751003770793;2899.0751003770793;68.02581024034993;0.0;5315.0;4635.062529851747;0.0;8788.0;-10326.836178199786;-9921.6;-405.2361781997863;0.0;15468.46;-2500.0000000000064;853.3526925324056
65;3;138;86.84490264628091;70000.00001498465;14615.107340592205;15468.46;14615.107340592205;995.1532252914046;2145.203441041757;2145.203441041757;8355.612756212931;9570.828799172587;9570.828799172587;0.0;2899.0751003770793;2899.0751003770793;49.83459899732481;0.0;5315.0;3610.2633360062837;0.0;8788.0;-10510.86391624353;-10099.199999999999;-411.66391624353207;0.0;15468.46;-2499.999999999998;853.3526925324056
66;3;138;95.80408960375618;70000.00001498465;14615.107340592205;15468.46;14615.107340592205;1275.1278222389196;2145.203441041757;2145.203441041757;9475.511106712762;9570.828799172587;9570.828799172587;0.0;2899.0751003770793;2899.0751003770793;61.475567429304114;0.0;5315.0;2197.806913727561;0.0;8788.0;-10509.921409776103;-10099.199999999999;-410.72140977610474;0.0;15468.46;-2500.00000000001;853.3526925324056
67;3;138;113.63430106569976;70000.00001498465;14615.107340592205;15468.46;14615.107340592205;1832.3064526937387;2145.203441041757;2145.203441041757;9570.828799173241;9570.828799172587;9570.828799172587;227.23482098893808;2899.0751003770793;2899.0751003770793;108.18451364901004;0.0;5315.0;1029.7633367178541;0.0;8788.0;-10268.318390592256;-9868.8;-399.51839059225586;0.0;15468.46;-2500.0000000000114;853.3526925324056
68;3;138;121.89186966040802;70000.00001498465;14615.107340592205;15468.46;14615.107340592205;2090.3777762598093;2145.203441041757;2145.203441041757;9570.828799173247;9570.828799172587;9570.828799172587;364.8660203449925;2899.0751003770793;2899.0751003770793;187.9567995880948;0.0;5315.0;351.4497708469601;0.0;8788.0;-10024.765714399577;-9635.52;-389.2457143995766;0.0;15468.46;-2540.7132496167296;853.3526925324056
69;3;138;158.95797684989745;70000.00001498465;14615.107340592205;15468.46;14615.107340592205;2145.2034410418146;2145.203441041757;2145.203441041757;9570.828799173254;9570.828799172587;9570.828799172587;982.6326589717861;2899.0751003770793;2899.0751003770793;343.89214371601673;0.0;5315.0;14.480674130857048;0.0;8788.0;-9747.480932505583;-9372.48;-375.00093250558336;0.0;15468.46;-3309.5568092838294;853.3526925324056
70;3;138;159.8221629255378;70000.00001498465;14615.107340592205;15468.46;14615.107340592205;2145.2034410418164;2145.203441041757;2145.203441041757;9570.828799173254;9570.828799172587;9570.828799172587;997.03147724948;2899.0751003770793;2899.0751003770793;550.4489952058129;0.0;5315.0;0.0;0.0;8788.0;-9628.586746663552;-9258.24;-370.34674666355176;0.0;15468.46;-3634.926570754388;853.3526925324056
71;3;138;116.3334071981982;70000.00001498465;14615.107340592205;15468.46;14615.107340592205;1916.6535164965073;2145.203441041757;2145.203441041757;9570.828799173243;9570.828799172587;9570.828799172587;272.219922550867;2899.0751003770793;2899.0751003770793;904.6237012943375;0.0;5315.0;0.0;0.0;8788.0;-9164.326406968199;-8808.0;-356.3264069681986;0.0;15468.46;-3500.0000000000014;853.3526925324056
72;3;138;95.75945698835663;70000.00001498465;14615.107340592205;15468.46;14615.107340592205;1273.7330532418323;2145.203441041757;2145.203441041757;9469.932028817502;9570.828799172587;9570.828799172587;0.0;2899.0751003770793;2899.0751003770793;1334.1130113015438;0.0;5315.0;0.0;0.0;8788.0;-8577.778093024988;-8242.56;-335.2180930249886;0.0;15468.46;-3500.0000000000036;853.3526925324056
73;4;230;109.23304378931087;70000.00001498465;14615.107340592205;15468.46;14615.107340592205;1694.7671571457804;2145.203441041757;2145.203441041757;9570.828799173196;9570.828799172587;9570.828799172587;153.88053175990427;2899.0751003770793;2899.0751003770793;147.70138118490928;0.0;5315.0;0.0;0.0;8788.0;-8067.178336800401;-7752.96;-314.2183368004003;0.0;15468.46;-3499.999999999966;853.3526925324056
74;4;230;105.03888558691071;70000.00001498465;14615.107340592205;15468.46;14615.107340592205;1563.6997127685825;2145.203441041757;2145.203441041757;9570.82879917317;9570.828799172587;9570.828799172587;83.97789492743448;2899.0751003770793;2899.0751003770793;134.23601626528983;0.0;5315.0;0.0;0.0;8788.0;-7852.742890687371;-7546.5599999999995;-306.1828906873716;0.0;15468.46;-3499.999999999975;853.3526925324056
75;4;230;105.42355542541634;70000.00001498465;14615.107340592205;15468.46;14615.107340592205;1575.7206451961101;2145.203441041757;2145.203441041757;9570.828799173174;9570.828799172587;9570.828799172587;90.38905889672992;2899.0751003770793;2899.0751003770793;105.78422333033147;0.0;5315.0;0.0;0.0;8788.0;-7842.723194150007;-7536.96;-305.763194150007;0.0;15468.46;-3499.9999999999595;853.3526925324056
76;4;230;107.4024241958902;70000.00001498465;14615.107340592205;15468.46;14615.107340592205;1637.5602944248083;2145.203441041757;2145.203441041757;9570.828799173187;9570.828799172587;9570.828799172587;123.37020510586204;2899.0751003770793;2899.0751003770793;69.74469946123506;0.0;5315.0;0.0;0.0;8788.0;-7901.50446571429;-7593.599999999999;-307.9044657142901;0.0;15468.46;-3499.99999999996;853.3526925324056
77;4;230;112.00420113974828;70000.00001498465;14615.107340592205;15468.46;14615.107340592205;1781.3658244852948;2145.203441041757;2145.203441041757;9570.828799173205;9570.828799172587;9570.828799172587;200.06648763224817;2899.0751003770793;2899.0751003770793;68.6324770241919;0.0;5315.0;0.0;0.0;8788.0;-8120.8940558474715;-7804.799999999999;-316.0940558474725;0.0;15468.46;-3499.999999999958;853.3526925324056
78;4;230;121.33781909505646;70000.00001498465;14615.107340592205;15468.46;14615.107340592205;2073.0413866886383;2145.203441041757;2145.203441041757;9570.828799173221;9570.828799172587;9570.828799172587;355.62678713825716;2899.0751003770793;2899.0751003770793;44.233921587075336;0.0;5315.0;4.883331244234742;0.0;8788.0;-8548.614693331454;-8216.64;-331.97469333145494;0.0;15468.46;-3499.9999999999623;853.3526925324056
79;4;230;139.21051538455728;70000.00001498465;14615.107340592205;15468.46;14615.107340592205;2145.2034410414694;2145.203441041757;2145.203441041757;9570.828799173234;9570.828799172587;9570.828799172587;653.5010912296024;2899.0751003770793;2899.0751003770793;29.0584597187998;0.0;5315.0;237.6708465772092;0.0;8788.0;-9136.263623773493;-8783.039999999999;-353.22362377349504;0.0;15468.46;-3499.999999999913;853.3526925324056
80;4;230;132.12987015664763;70000.00001498465;14615.107340592205;15468.46;14615.107340592205;2145.2034410411243;2145.203441041757;2145.203441041757;9570.82879917323;9570.828799172587;9570.828799172587;535.4903394105107;2899.0751003770793;2899.0751003770793;22.116960793537405;0.0;5315.0;862.6102561379789;0.0;8788.0;-9636.250782331832;-9263.039999999999;-373.21078233183323;0.0;15468.46;-3499.99999999994;853.3526925324056
81;4;230;110.90453113457498;70000.00001498465;14615.107340592205;15468.46;14615.107340592205;1747.0233182514917;2145.203441041757;2145.203441041757;9570.828799173203;9570.828799172587;9570.828799172587;181.74368699721072;2899.0751003770793;2899.0751003770793;16.261307488629406;0.0;5315.0;1803.5462208221923;0.0;8788.0;-10046.84522359879;-9655.68;-391.1652235987895;0.0;15468.46;-3272.5579098108087;853.3526925324056
82;4;230;94.03198015360391;70000.00001498465;14615.107340592205;15468.46;14615.107340592205;1219.7567598058251;2145.203441041757;2145.203441041757;9254.2126424821;9570.828799172587;9570.828799172587;0.0;2899.0751003770793;2899.0751003770793;11.588214798601259;0.0;5315.0;2731.9294459329644;0.0;8788.0;-10213.387112446773;-9814.08;-399.3071124467725;0.0;15468.46;-3004.099690751386;853.3526925324056
83;4;230;85.91885942557762;70000.00001498465;14615.107340592205;15468.46;14615.107340592205;966.2143659055013;2145.203441041757;2145.203441041757;8239.857390662848;9570.828799172587;9570.828799172587;0.0;2899.0751003770793;2899.0751003770793;16.230534535825853;0.0;5315.0;3695.7389495578677;0.0;8788.0;-10418.041240528632;-10009.92;-408.121240528631;0.0;15468.46;-2500.0000000001473;853.3526925324056
84;4;230;81.5738945427656;70000.00001498465;14615.107340592205;15468.46;14615.107340592205;830.4342200800788;2145.203441041757;2145.203441041757;7696.736751652949;9570.828799172587;9570.828799172587;0.0;2899.0751003770793;2899.0751003770793;18.872612340818044;0.0;5315.0;4156.626905790815;0.0;8788.0;-10202.670489629865;-9802.56;-400.1104896298649;0.0;15468.46;-2500.0000000000377;853.3526925324056
85;4;230;79.81227907964313;70000.00001498465;14615.107340592205;15468.46;14615.107340592205;775.383736316718;2145.203441041757;2145.203441041757;7476.534821055423;9570.828799172587;9570.828799172587;0.0;2899.0751003770793;2899.0751003770793;42.81396962199614;0.0;5315.0;4313.193663082358;0.0;8788.0;-10107.926189849853;-9711.359999999999;-396.5661898498541;0.0;15468.46;-2500.000000000026;853.3526925324056
86;4;230;78.74355237650629;70000.00001498465;14615.107340592205;15468.46;14615.107340592205;741.98602651644;2145.203441041757;2145.203441041757;7342.943984551473;9570.828799172587;9570.828799172587;0.0;2899.0751003770793;2899.0751003770793;60.20068795601361;0.0;5315.0;4311.023293640476;0.0;8788.0;-9956.153992442696;-9565.44;-390.7139924426959;0.0;15468.46;-2500.0000000000177;853.3526925324056
87;4;230;79.71802711615645;70000.00001498465;14615.107340592205;15468.46;14615.107340592205;772.4383623956538;2145.203441041757;2145.203441041757;7464.753325882786;9570.828799172587;9570.828799172587;0.0;2899.0751003770793;2899.0751003770793;123.57538618690988;0.0;5315.0;4231.18140502314;0.0;8788.0;-10091.94847926281;-9696.0;-395.9484792628096;0.0;15468.46;-2500.0000000000214;853.3526925324056
88;4;230;80.05166297371683;70000.00001498465;14615.107340592205;15468.46;14615.107340592205;782.8644830575022;2145.203441041757;2145.203441041757;7506.457807599851;9570.828799172587;9570.828799172587;0.0;2899.0751003770793;2899.0751003770793;111.47282346287733;0.0;5315.0;4018.2581575252675;0.0;8788.0;-9919.053271418126;-9529.92;-389.13327141812675;0.0;15468.46;-2500.0000000000196;853.3526925324056
89;4;230;86.20438023344455;70000.00001498465;14615.107340592205;15468.46;14615.107340592205;975.1368996735422;2145.203441041757;2145.203441041757;8275.547455531276;9570.828799172587;9570.828799172587;0.0;2899.0751003770793;2899.0751003770793;124.92060383803762;0.0;5315.0;3166.7306389628584;0.0;8788.0;-10042.33559774453;-9648.96;-393.3755977445314;0.0;15468.46;-2500.0000000000136;853.3526925324056
90;4;230;93.61985111240982;70000.00001498465;14615.107340592205;15468.46;14615.107340592205;1206.8703677183928;2145.203441041757;2145.203441041757;9202.4813023604;9570.828799172587;9570.828799172587;0.0;2899.0751003770793;2899.0751003770793;117.39441880950723;0.0;5315.0;1992.864776553207;0.0;8788.0;-10019.61086513406;-9627.84;-391.77086513405965;0.0;15468.46;-2500.000000000027;853.3526925324056
91;4;230;105.11821800168994;70000.00001498465;14615.107340592205;15468.46;14615.107340592205;1566.1788554471204;2145.203441041757;2145.203441041757;9570.82879917317;9570.828799172587;9570.828799172587;85.30010291402016;2899.0751003770793;2899.0751003770793;88.142529101656;0.0;5315.0;876.3559292699009;0.0;8788.0;-9686.806683319484;-9309.119999999999;-377.6866833194856;0.0;15468.46;-2500.0000000000487;853.3526925324056
92;4;230;120.7541281361147;70000.00001498465;14615.107340592205;15468.46;14615.107340592205;2054.823309438128;2145.203441041757;2145.203441041757;9570.828799173221;9570.828799172587;9570.828799172587;345.90365323358395;2899.0751003770793;2899.0751003770793;90.34059715905356;0.0;5315.0;154.7273307078203;0.0;8788.0;-9404.629792565036;-9039.359999999999;-365.26979256503733;0.0;15468.46;-2811.9936959238653;853.3526925324056
93;4;230;161.30937668575936;70000.00001498465;14615.107340592205;15468.46;14615.107340592205;2145.2034410417123;2145.203441041757;2145.203441041757;9570.82879917324;9570.828799172587;9570.828799172587;1021.8154494335108;2899.0751003770793;2899.0751003770793;97.0534970063467;0.0;5315.0;0.015392691077180758;0.0;8788.0;-9334.917566977567;-8976.0;-358.9175669775664;0.0;15468.46;-3499.999998377013;853.3526925324056
94;4;230;162.69990660477043;70000.00001498465;14615.107340592205;15468.46;14615.107340592205;2145.2034410417186;2145.203441041757;2145.203441041757;9570.82879917324;9570.828799172587;9570.828799172587;1044.993871036605;2899.0751003770793;2899.0751003770793;125.59321266360146;0.0;5315.0;0.0;0.0;8788.0;-9271.890055869482;-8915.52;-356.3700558694816;0.0;15468.46;-3614.72987290355;853.3526925324056
95;4;230;125.83974219814672;70000.00001498465;14615.107340592205;15468.46;14615.107340592205;2145.2034410389497;2145.203441041757;2145.203441041757;9570.828799173227;9570.828799172587;9570.828799172587;430.65487060009593;2899.0751003770793;2899.0751003770793;275.0706328388882;0.0;5315.0;0.0;0.0;8788.0;-8921.758729795378;-8575.68;-346.07872979537694;0.0;15468.46;-3499.9999999999945;853.3526925324056
96;4;230;117.16600135738918;70000.00001498465;14615.107340592205;15468.46;14615.107340592205;1942.6720824295398;2145.203441041757;2145.203441041757;9570.828799173216;9570.828799172587;9570.828799172587;286.09649151975816;2899.0751003770793;2899.0751003770793;265.3551720251898;0.0;5315.0;0.0;0.0;8788.0;-8564.953012646478;-8232.0;-332.95301264647776;0.0;15468.46;-3499.9999999999736;853.3526925324056
97;5;271;95.36734281862705;70000.00001498465;14615.107340592205;15468.46;14615.107340592205;1261.4794852671957;2145.203441041757;2145.203441041757;9420.917758333153;9570.828799172587;9570.828799172587;0.0;2899.0751003770793;2899.0751003770793;557.2146486864837;0.0;5315.0;0.0;0.0;8788.0;-7739.61189195363;-7437.12;-302.49189195363016;0.0;15468.46;-3499.99999999995;853.3526925324056
98;5;271;94.04751467994834;70000.00001498465;14615.107340592205;15468.46;14615.107340592205;1220.2348550727465;2145.203441041757;2145.203441041757;9255.939244647674;9570.828799172587;9570.828799172587;0.0;2899.0751003770793;2899.0751003770793;576.7159084917176;0.0;5315.0;0.0;0.0;8788.0;-7552.890007891872;-7257.599999999999;-295.29000789187256;0.0;15468.46;-3499.999999999948;853.3526925324056
99;5;271;94.39285755470968;70000.00001498465;14615.107340592205;15468.46;14615.107340592205;1231.0268201010572;2145.203441041757;2145.203441041757;9299.107103177748;9570.828799172587;9570.828799172587;0.0;2899.0751003770793;2899.0751003770793;659.600658800078;0.0;5315.0;0.0;0.0;8788.0;-7689.734581755736;-7389.12;-300.61458175573654;0.0;15468.46;-3499.9999999999454;853.3526925324056
100;5;271;94.61694233781492;70000.00001498465;14615.107340592205;15468.46;14615.107340592205;1238.0294697491736;2145.203441041757;2145.203441041757;9327.117700320989;9570.828799172587;9570.828799172587;0.0;2899.0751003770793;2899.0751003770793;517.6714043338951;0.0;5315.0;0.0;0.0;8788.0;-7582.818574078273;-7286.4;-296.4185740782729;0.0;15468.46;-3499.9999999999377;853.3526925324056
101;5;271;102.94729958957691;70000.00001498465;14615.107340592205;15468.46;14615.107340592205;1498.3376502256874;2145.203441041757;2145.203441041757;9570.828799173065;9570.828799172587;9570.828799172587;49.11812866626531;2899.0751003770793;2899.0751003770793;393.45857841033967;0.0;5315.0;0.0;0.0;8788.0;-8011.743624007108;-7699.2;-312.543624007109;0.0;15468.46;-3499.9999999997613;853.3526925324056
102;5;271;122.39164375364035;70000.00001498465;14615.107340592205;15468.46;14615.107340592205;2105.97340817256;2145.203441041757;2145.203441041757;9570.828799173221;9570.828799172587;9570.828799172587;373.1905316604756;2899.0751003770793;2899.0751003770793;354.09557563845823;0.0;5315.0;0.0;0.0;8788.0;-8904.088782117717;-8558.4;-345.6887821177166;0.0;15468.46;-3499.9999999999254;853.3526925324056
103;5;271;168.30247123186635;70000.00001498465;14615.107340592205;15468.46;14615.107340592205;2145.2034410417214;2145.203441041757;2145.203441041757;9570.82879917324;9570.828799172587;9570.828799172587;1138.3699492619023;2899.0751003770793;2899.0751003770793;492.0902882818982;0.0;5315.0;10.620956843254184;0.0;8788.0;-9726.602286245292;-9353.279999999999;-373.3222862452923;0.0;15468.46;-3630.5117530737252;853.3526925324056
104;5;271;160.81859788992296;70000.00001498465;14615.107340592205;15468.46;14615.107340592205;2145.203441041689;2145.203441041757;2145.203441041757;9570.82879917324;9570.828799172587;9570.828799172587;1013.6387275271704;2899.0751003770793;2899.0751003770793;545.6484145684559;0.0;5315.0;515.1433441072392;0.0;8788.0;-9986.91331156908;-9602.88;-384.03331156908166;0.0;15468.46;-3803.5500194854126;853.3526925324056
105;5;271;105.64020344159998;70000.00001498465;14615.107340592205;15468.46;14615.107340592205;1582.490901696468;2145.203441041757;2145.203441041757;9570.828799173169;9570.828799172587;9570.828799172587;93.99986053180966;2899.0751003770793;2899.0751003770793;449.17520752926174;0.0;5315.0;1977.7453057426462;0.0;8788.0;-10174.240542050105;-9777.6;-396.6405420501052;0.0;15468.46;-3499.999999999981;853.3526925324056
106;5;271;90.23270783407563;70000.00001498465;14615.107340592205;15468.46;14615.107340592205;1101.0257032936863;2145.203441041757;2145.203441041757;8779.073317716138;9570.828799172587;9570.828799172587;0.0;2899.0751003770793;2899.0751003770793;343.4085687433895;0.0;5315.0;3381.366323343067;0.0;8788.0;-10104.873864297575;-9709.44;-395.43386429757464;0.0;15468.46;-3499.9999963717232;853.3526925324056
107;5;271;77.53851699834966;70000.00001498465;14615.107340592205;15468.46;14615.107340592205;704.4040782476196;2145.203441041757;2145.203441041757;7194.517189920772;9570.828799172587;9570.828799172587;0.0;2899.0751003770793;2899.0751003770793;414.4457322223747;0.0;5315.0;4459.589699744655;0.0;8788.0;-10105.158547775312;-9708.48;-396.6785477753136;0.0;15468.46;-2667.795494449641;853.3526925324056
108;5;271;78.17741596653916;70000.00001498465;14615.107340592205;15468.46;14615.107340592205;724.2942635033907;2145.203441041757;2145.203441041757;7272.176934160701;9570.828799172587;9570.828799172587;0.0;2899.0751003770793;2899.0751003770793;500.8122223336533;0.0;5315.0;3850.0121958789127;0.0;8788.0;-9847.295615657944;-9460.8;-386.49561565794454;0.0;15468.46;-2500.000000000034;853.3526925324056
109;5;271;80.88033963425661;70000.00001498465;14615.107340592205;15468.46;14615.107340592205;808.7606291069341;2145.203441041757;2145.203441041757;7610.042388442043;9570.828799172587;9570.828799172587;0.0;2899.0751003770793;2899.0751003770793;494.47739019223235;0.0;5315.0;3255.8928020274275;0.0;8788.0;-9669.173209535122;-9289.92;-379.2532095351208;0.0;15468.46;-2500.000000000031;853.3526925324056
110;5;271;80.383555214096;70000.00001498465;14615.107340592205;15468.46;14615.107340592205;793.2361157228171;2145.203441041757;2145.203441041757;7547.944336999949;9570.828799172587;9570.828799172587;0.0;2899.0751003770793;2899.0751003770793;612.8433550831098;0.0;5315.0;3084.3027782445556;0.0;8788.0;-9538.326585820743;-9164.16;-374.1665858207433;0.0;15468.46;-2500.000000000015;853.3526925324056
111;5;271;79.83945084829604;70000.00001498465;14615.107340592205;15468.46;14615.107340592205;776.2328537420368;2145.203441041757;2145.203441041757;7479.9312936028855;9570.828799172587;9570.828799172587;0.0;2899.0751003770793;2899.0751003770793;521.6455113816706;0.0;5315.0;3368.482640911466;0.0;8788.0;-9646.292299416546;-9267.84;-378.4522994165462;0.0;15468.46;-2500.0000000000555;853.3526925324056
112;5;271;87.32220064037257;70000.00001498465;14615.107340592205;15468.46;14615.107340592205;1010.1127275135433;2145.203441041757;2145.203441041757;8416.55857434698;9570.828799172587;9570.828799172587;0.0;2899.0751003770793;2899.0751003770793;491.1890803783651;0.0;5315.0;2541.2640297326952;0.0;8788.0;-9618.593501749792;-9241.92;-376.67350174979254;0.0;15468.46;-2840.5293612566275;853.3526925324056
113;5;271;98.38827468556556;70000.00001498465;14615.107340592205;15468.46;14615.107340592205;1355.9067048079842;2145.203441041757;2145.203441041757;9570.828798287082;9570.828799172587;9570.828799172587;0.0;2899.0751003770793;2899.0751003770793;494.059757261327;0.0;5315.0;1578.9206799328929;0.0;8788.0;-9826.322534132998;-9442.56;-383.7625341329983;0.0;15468.46;-3173.3926761100665;853.3526925324056
114;5;271;116.61951750046886;70000.00001498465;14615.107340592205;15468.46;14615.107340592205;1925.6167764286954;2145.203441041757;2145.203441041757;9570.828799173214;9570.828799172587;9570.828799172587;276.9934853491995;2899.0751003770793;2899.0751003770793;302.41020333680336;0.0;5315.0;496.3180829198464;0.0;8788.0;-9821.53280417589;-9439.68;-381.8528041758898;0.0;15468.46;-2750.634340715716;853.3526925324056
115;5;271;148.21642349215;70000.00001498465;14615.107340592205;15468.46;14615.107340592205;2145.2034410415918;2145.203441041757;2145.203441041757;9570.828799173236;9570.828799172587;9570.828799172587;803.6067700993785;2899.0751003770793;2899.0751003770793;179.05462395563316;0.0;5315.0;24.039535289786254;0.0;8788.0;-9864.357699306522;-9483.84;-380.5176993065219;0.0;15468.46;-2858.3754949566833;853.3526925324056
116;5;271;194.84756854217068;70000.00001498465;14615.107340592205;15468.46;14615.107340592205;2145.2034410417805;2145.203441041757;2145.203441041757;9570.828799173243;9570.828799172587;9570.828799172587;1580.7882376869043;2899.0751003770793;2899.0751003770793;157.091527926113;0.0;5315.0;0.0;0.0;8788.0;-9691.080297124858;-9321.6;-369.4802971248567;0.0;15468.46;-3762.832313430381;853.3526925324056
117;5;271;187.17023628173638;70000.00001498465;14615.107340592205;15468.46;14615.107340592205;2145.203441041768;2145.203441041757;2145.203441041757;9570.828799173243;9570.828799172587;9570.828799172587;1452.8326992895643;2899.0751003770793;2899.0751003770793;137.26495404838434;0.0;5315.0;0.0;0.0;8788.0;-9394.383533508035;-9035.52;-358.8635335080342;0.0;15468.46;-3911.7469648641827;853.3526925324056
118;5;271;145.9025490580783;70000.00001498465;14615.107340592205;15468.46;14615.107340592205;2145.2034410415617;2145.203441041757;2145.203441041757;9570.828799173236;9570.828799172587;9570.828799172587;765.0379115098152;2899.0751003770793;2899.0751003770793;133.77881810935082;0.0;5315.0;0.0;0.0;8788.0;-9102.699519890852;-8751.36;-351.33951989085153;0.0;15468.46;-3512.1500548538306;853.3526925324056
119;5;271;122.23928108122998;70000.00001498465;14615.107340592205;15468.46;14615.107340592205;2101.212074117002;2145.203441041757;2145.203441041757;9570.828799173221;9570.828799172587;9570.828799172587;370.65115365674313;2899.0751003770793;2899.0751003770793;146.6726853340472;0.0;5315.0;0.0;0.0;8788.0;-8689.365179770344;-8352.0;-337.36517977034464;0.0;15468.46;-3499.999999999974;853.3526925324056
120;5;271;108.8879286022912;70000.00001498465;14615.107340592205;15468.46;14615.107340592205;1683.9823075514385;2145.203441041757;2145.203441041757;9570.82879917319;9570.828799172587;9570.828799172587;148.1286119762118;2899.0751003770793;2899.0751003770793;164.26602206545996;0.0;5315.0;0.0;0.0;8788.0;-8067.206208302902;-7752.96;-314.2462083029026;0.0;15468.46;-3499.999999999977;853.3526925324056
121;6;289;80.4275362505941;70000.00001498465;14615.107340592205;15468.46;14615.107340592205;794.6701165167902;2145.203441041757;2145.203441041757;7555.182755895087;9570.828799172587;9570.828799172587;0.0;2899.0751003770793;2899.0751003770793;1537.7508284111154;0.0;5315.0;0.0;0.0;8788.0;-7129.261505447439;-6849.599999999999;-279.6615054474396;0.0;15468.46;-2758.3400948001827;853.3526925324056
122;6;289;78.99215522326672;70000.00001498465;14615.107340592205;15468.46;14615.107340592205;749.7944918312425;2145.203441041757;2145.203441041757;7375.176930676815;9570.828799172587;9570.828799172587;0.0;2899.0751003770793;2899.0751003770793;1556.144261915421;0.0;5315.0;0.0;0.0;8788.0;-6828.601682590515;-6560.639999999999;-267.9616825905161;0.0;15468.46;-2852.512604968336;853.3526925324056
123;6;289;78.53788939378198;70000.00001498465;14615.107340592205;15468.46;14615.107340592205;735.591018718529;2145.203441041757;2145.203441041757;7318.169799144637;9570.828799172587;9570.828799172587;0.0;2899.0751003770793;2899.0751003770793;1577.8347975058234;0.0;5315.0;0.0;0.0;8788.0;-6743.699483007051;-6479.04;-264.6594830070504;0.0;15468.46;-2887.895005665795;853.3526925324056
124;6;289;78.80477749560902;70000.00001498465;14615.107340592205;15468.46;14615.107340592205;743.9416783153216;2145.203441041757;2145.203441041757;7351.834764038049;9570.828799172587;9570.828799172587;0.0;2899.0751003770793;2899.0751003770793;1330.6356676347405;0.0;5315.0;0.0;0.0;8788.0;-6589.802831614811;-6331.2;-258.6028316148112;0.0;15468.46;-2836.60778492723;853.3526925324056
125;6;289;78.69669960288212;70000.00001498465;14615.107340592205;15468.46;14615.107340592205;740.5468747398471;2145.203441041757;2145.203441041757;7337.817699076623;9570.828799172587;9570.828799172587;0.0;2899.0751003770793;2899.0751003770793;1503.5708701185777;0.0;5315.0;0.0;0.0;8788.0;-6661.753295027615;-6400.32;-261.4332950276154;0.0;15468.46;-2920.181267608265;853.3526925324056
126;6;289;80.78882295640872;70000.00001498465;14615.107340592205;15468.46;14615.107340592205;805.9544098839074;2145.203441041757;2145.203441041757;7600.170797504421;9570.828799172587;9570.828799172587;0.0;2899.0751003770793;2899.0751003770793;1478.1743917834026;0.0;5315.0;0.0;0.0;8788.0;-7103.25673169417;-6824.639999999999;-278.61673169417134;0.0;15468.46;-2781.0409754085717;853.3526925324056
127;6;289;82.46367666680779;70000.00001498465;14615.107340592205;15468.46;14615.107340592205;858.2512386364402;2145.203441041757;2145.203441041757;7808.290549652049;9570.828799172587;9570.828799172587;0.0;2899.0751003770793;2899.0751003770793;1567.2093365163619;0.0;5315.0;0.0;0.0;8788.0;-7246.019736131114;-6961.92;-284.0997361311141;0.0;15468.46;-2987.730989135009;853.3526925324056
128;6;289;85.60994611106489;70000.00001498465;14615.107340592205;15468.46;14615.107340592205;956.6047169484175;2145.203441041757;2145.203441041757;8202.525154280842;9570.828799172587;9570.828799172587;0.0;2899.0751003770793;2899.0751003770793;1248.7971977217014;0.0;5315.0;123.12998409913808;0.0;8788.0;-7696.405473909599;-7394.88;-301.52547390959944;0.0;15468.46;-2834.650032169187;853.3526925324056
129;6;289;82.93357045677843;70000.00001498465;14615.107340592205;15468.46;14615.107340592205;872.9641137138782;2145.203441041757;2145.203441041757;7867.865355357902;9570.828799172587;9570.828799172587;0.0;2899.0751003770793;2899.0751003770793;993.5311580799679;0.0;5315.0;1268.0537391109199;0.0;8788.0;-8158.22848174754;-7838.4;-319.82848174754093;0.0;15468.46;-2844.1844737126617;853.3526925324056
130;6;289;75.10612831907889;70000.00001498465;14615.107340592205;15468.46;14615.107340592205;628.3164296163742;2145.203441041757;2145.203441041757;6888.2663803437845;9570.828799172587;9570.828799172587;0.0;2899.0751003770793;2899.0751003770793;533.1282189135175;0.0;5315.0;2915.9259787240444;0.0;8788.0;-8465.637008801577;-8133.12;-332.5170088015777;0.0;15468.46;-2500.000000002817;853.3526925324056
131;6;289;70.30361165612223;70000.00001498465;14615.107340592205;15468.46;14615.107340592205;478.23787691888504;2145.203441041757;2145.203441041757;6287.9514033513715;9570.828799172587;9570.828799172587;0.0;2899.0751003770793;2899.0751003770793;253.05917931210584;0.0;5315.0;4173.635829431099;0.0;8788.0;-8692.884288823076;-8351.039999999999;-341.844288823076;0.0;15468.46;-2500.000000000048;853.3526925324056
132;6;289;68.9011382692477;70000.00001498465;14615.107340592205;15468.46;14615.107340592205;434.4105831964944;2145.203441041757;2145.203441041757;6112.64223161405;9570.828799172587;9570.828799172587;0.0;2899.0751003770793;2899.0751003770793;194.2564626405969;0.0;5315.0;4359.7604017636;0.0;8788.0;-8601.069679030154;-8262.72;-338.34967903015337;0.0;15468.46;-2500.000000000017;853.3526925324056
133;6;289;68.21028627977452;70000.00001498465;14615.107340592205;15468.46;14615.107340592205;412.82145839823784;2145.203441041757;2145.203441041757;6026.285733471578;9570.828799172587;9570.828799172587;0.0;2899.0751003770793;2899.0751003770793;187.41167870985998;0.0;5315.0;4086.8749261745693;0.0;8788.0;-8213.39379657159;-7890.24;-323.15379657158985;0.0;15468.46;-2500.000000000004;853.3526925324056
134;6;289;72.9525729551415;70000.00001498465;14615.107340592205;15468.46;14615.107340592205;561.0179184535843;2145.203441041757;2145.203441041757;6619.071561747712;9570.828799172587;9570.828799172587;0.0;2899.0751003770793;2899.0751003770793;188.4887320579848;0.0;5315.0;3275.4761532503717;0.0;8788.0;-8144.054365305222;-7824.0;-320.05436530522155;0.0;15468.46;-2500.0000000000095;853.3526925324056
135;6;289;82.44522299119798;70000.00001498465;14615.107340592205;15468.46;14615.107340592205;857.6632349608336;2145.203441041757;2145.203441041757;7805.652804050391;9570.828799172587;9570.828799172587;0.0;2899.0751003770793;2899.0751003770793;135.17678939385607;0.0;5315.0;1702.904958386815;0.0;8788.0;-8001.397786544188;-7687.679999999999;-313.71778654418875;0.0;15468.46;-2499.9999999999973;853.3526925324056
136;6;289;87.15557507350785;70000.00001498465;14615.107340592205;15468.46;14615.107340592205;1004.8617390658262;2145.203441041757;2145.203441041757;8394.446807843504;9570.828799172587;9570.828799172587;0.0;2899.0751003770793;2899.0751003770793;111.71900708530573;0.0;5315.0;1039.9494500381782;0.0;8788.0;-8050.977003762052;-7735.679999999999;-315.2970037620525;0.0;15468.46;-2500.000000000025;853.3526925324056
137;6;289;93.06497517408029;70000.00001498465;14615.107340592205;15468.46;14615.107340592205;1189.5304945404403;2145.203441041757;2145.203441041757;9133.121810532148;9570.828799172587;9570.828799172587;0.0;2899.0751003770793;2899.0751003770793;155.61003005542722;0.0;5315.0;349.97976884908934;0.0;8788.0;-8328.242103671233;-8002.5599999999995;-325.6821036712334;0.0;15468.46;-2500.0000000000523;853.3526925324056
138;6;289;99.37161148492633;70000.00001498465;14615.107340592205;15468.46;14615.107340592205;1386.651524748582;2145.203441041757;2145.203441041757;9570.828798741113;9570.828799172587;9570.828799172587;0.0;2899.0751003770793;2899.0751003770793;282.18358107262804;0.0;5315.0;31.20868115898338;0.0;8788.0;-8740.30598453589;-8399.039999999999;-341.26598453588986;0.0;15468.46;-2530.5654514634807;853.3526925324056
139;6;289;120.14849180474995;70000.00001498465;14615.107340592205;15468.46;14615.107340592205;2035.897050059448;2145.203441041757;2145.203441041757;9570.828799173212;9570.828799172587;9570.828799172587;335.80969083048655;2899.0751003770793;2899.0751003770793;457.0354989025164;0.0;5315.0;0.0;0.0;8788.0;-9114.036451338114;-8760.0;-354.03645133811415;0.0;15468.46;-3285.534389149675;853.3526925324056
140;6;289;113.23559799903884;70000.00001498465;14615.107340592205;15468.46;14615.107340592205;1819.8469775890128;2145.203441041757;2145.203441041757;9570.828799173194;9570.828799172587;9570.828799172587;220.58976890517596;2899.0751003770793;2899.0751003770793;495.9764726073778;0.0;5315.0;0.0;0.0;8788.0;-8607.24248577036;-8272.32;-334.92248577036054;0.0;15468.46;-3499.999999999976;853.3526925324056
141;6;289;105.04462491392141;70000.00001498465;14615.107340592205;15468.46;14615.107340592205;1563.879067921708;2145.203441041757;2145.203441041757;9570.828799172976;9570.828799172587;9570.828799172587;84.07355064735118;2899.0751003770793;2899.0751003770793;594.476298395493;0.0;5315.0;0.0;0.0;8788.0;-8313.258183655496;-7989.12;-324.1381836554963;0.0;15468.46;-3499.9999999999636;853.3526925324056
142;6;289;96.35169332612946;70000.00001498465;14615.107340592205;15468.46;14615.107340592205;1292.2404394291686;2145.203441041757;2145.203441041757;9543.96156836218;9570.828799172587;9570.828799172587;0.0;2899.0751003770793;2899.0751003770793;764.9848337439633;0.0;5315.0;0.0;0.0;8788.0;-8101.1868411901105;-7784.639999999999;-316.5468411901107;0.0;15468.46;-3499.9999999999236;853.3526925324056
143;6;289;90.22527179966217;70000.00001498465;14615.107340592205;15468.46;14615.107340592205;1100.7897632808329;2145.203441041757;2145.203441041757;8778.158892165311;9570.828799172587;9570.828799172587;0.0;2899.0751003770793;2899.0751003770793;1256.1563295778697;0.0;5315.0;0.0;0.0;8788.0;-7635.104984730595;-7336.32;-298.78498473059517;0.0;15468.46;-3499.9999999999286;853.3526925324056
144;6;289;84.89900277732178;70000.00001498465;14615.107340592205;15468.46;14615.107340592205;934.3438543401239;2145.203441041757;2145.203441041757;8112.375272819008;9570.828799172587;9570.828799172587;0.0;2899.0751003770793;2899.0751003770793;1692.1299403543997;0.0;5315.0;0.0;0.0;8788.0;-7238.84906725006;-6955.2;-283.6490672500601;0.0;15468.46;-3499.9999999999222;853.3526925324056
145;7;338;104.72662474511424;70000.00001498465;14615.107340592205;15468.46;14615.107340592205;1554.0117372501127;2145.203441041757;2145.203441041757;9570.828799173165;9570.828799172587;9570.828799172587;78.78967875258047;2899.0751003770793;2899.0751003770793;486.4104804215824;0.0;5315.0;0.0;0.0;8788.0;-8780.794539760085;-8438.4;-342.3945397600856;0.0;15468.46;-2909.24446454022;853.3526925324056
146;7;338;100.09622748722404;70000.00001498465;14615.107340592205;15468.46;14615.107340592205;1409.2988879753943;2145.203441041757;2145.203441041757;9570.828799172781;9570.828799172587;9570.828799172587;1.6134923907897956;2899.0751003770793;2899.0751003770793;464.1220703195675;0.0;5315.0;0.0;0.0;8788.0;-8380.60293493417;-8053.44;-327.16293493416987;0.0;15468.46;-3065.2590038101434;853.3526925324056
147;7;338;97.30407470681797;70000.00001498465;14615.107340592205;15468.46;14615.107340592205;1322.013488815375;2145.203441041757;2145.203441041757;9570.828783117122;9570.828799172587;9570.828799172587;0.0;2899.0751003770793;2899.0751003770793;542.1930515822264;0.0;5315.0;0.0;0.0;8788.0;-8060.149509458029;-7745.28;-314.869509458029;0.0;15468.46;-3374.8854071191918;853.3526925324056
148;7;338;95.6349118695743;70000.00001498465;14615.107340592205;15468.46;14615.107340592205;1269.8437024987707;2145.203441041757;2145.203441041757;9454.352536850698;9570.828799172587;9570.828799172587;0.0;2899.0751003770793;2899.0751003770793;632.2830689827367;0.0;5315.0;0.0;0.0;8788.0;-7856.479270751594;-7549.44;-307.03927075159436;0.0;15468.46;-3499.9999976117415;853.3526925324056
149;7;338;95.00325123659634;70000.00001498465;14615.107340592205;15468.46;14615.107340592205;1250.1018470703957;2145.203441041757;2145.203441041757;9375.405362627082;9570.828799172587;9570.828799172587;0.0;2899.0751003770793;2899.0751003770793;640.1081912670736;0.0;5315.0;0.0;0.0;8788.0;-7765.6153973013525;-7462.08;-303.53539730135236;0.0;15468.46;-3499.999999984128;853.3526925324056
150;7;338;95.63446046079521;70000.00001498465;14615.107340592205;15468.46;14615.107340592205;1269.8275070447962;2145.203441041757;2145.203441041757;9454.3049426931;9570.828799172587;9570.828799172587;0.0;2899.0751003770793;2899.0751003770793;579.3975515217435;0.0;5315.0;0.0;0.0;8788.0;-7803.52999234347;-7498.5599999999995;-304.96999234347135;0.0;15468.46;-3499.999999757118;853.3526925324056
151;7;338;98.18101266161874;70000.00001498465;14615.107340592205;15468.46;14615.107340592205;1349.4263457805494;2145.203441041757;2145.203441041757;9570.828799080955;9570.828799172587;9570.828799172587;0.0;2899.0751003770793;2899.0751003770793;580.9537837063808;0.0;5315.0;0.0;0.0;8788.0;-8161.978614788662;-7843.2;-318.77861478866134;0.0;15468.46;-3339.2296761198068;853.3526925324056
152;7;338;101.47667379242606;70000.00001498465;14615.107340592205;15468.46;14615.107340592205;1452.4333836093622;2145.203441041757;2145.203441041757;9570.828799173116;9570.828799172587;9570.828799172587;24.61993205484622;2899.0751003770793;2899.0751003770793;662.7219154415832;0.0;5315.0;0.0;0.0;8788.0;-8403.463788928637;-8075.5199999999995;-327.9437889286372;0.0;15468.46;-3307.1390610670965;853.3526925324056
153;7;338;109.52340852501958;70000.00001498465;14615.107340592205;15468.46;14615.107340592205;1703.8632437681067;2145.203441041757;2145.203441041757;9570.828799173196;9570.828799172587;9570.828799172587;158.7249781839502;2899.0751003770793;2899.0751003770793;707.7075763042886;0.0;5315.0;3.2863395449776998;0.0;8788.0;-8887.255703535719;-8541.119999999999;-346.13570353572044;0.0;15468.46;-3257.1550339567825;853.3526925324056
154;7;338;123.70193383608536;70000.00001498465;14615.107340592205;15468.46;14615.107340592205;2145.2031693096583;2145.203441041757;2145.203441041757;9570.828799173223;9570.828799172587;9570.828799172587;395.03407129816316;2899.0751003770793;2899.0751003770793;654.4000297762747;0.0;5315.0;126.2739412516521;0.0;8788.0;-9435.313879881633;-9069.119999999999;-366.19387988163277;0.0;15468.46;-3456.4258773800293;853.3526925324056
155;7;338;128.52522136640434;70000.00001498465;14615.107340592205;15468.46;14615.107340592205;2145.2034410405786;2145.203441041757;2145.203441041757;9570.828799173227;9570.828799172587;9570.828799172587;475.4221980598195;2899.0751003770793;2899.0751003770793;577.9292420594015;0.0;5315.0;305.51413249988366;0.0;8788.0;-9772.423808715374;-9393.6;-378.8238087153739;0.0;15468.46;-3302.4737503453075;853.3526925324056
156;7;338;124.15559838992948;70000.00001498465;14615.107340592205;15468.46;14615.107340592205;2145.2034410294273;2145.203441041757;2145.203441041757;9570.828799173223;9570.828799172587;9570.828799172587;402.5951484963149;2899.0751003770793;2899.0751003770793;487.4040071835261;0.0;5315.0;356.3831283371967;0.0;8788.0;-10013.552161369895;-9624.96;-388.5921613698958;0.0;15468.46;-2948.862109075095;853.3526925324056
157;7;338;124.77941034720034;70000.00001498465;14615.107340592205;15468.46;14615.107340592205;2145.203441036277;2145.203441041757;2145.203441041757;9570.828799173223;9570.828799172587;9570.828799172587;412.9920145149321;2899.0751003770793;2899.0751003770793;511.0903885700457;0.0;5315.0;301.2619015898124;0.0;8788.0;-10207.247545957862;-9811.199999999999;-396.04754595786216;0.0;15468.46;-2734.1287451457974;853.3526925324056
158;7;338;119.92511980349474;70000.00001498465;14615.107340592205;15468.46;14615.107340592205;2028.9168497580956;2145.203441041757;2145.203441041757;9570.82879917322;9570.828799172587;9570.828799172587;332.0868573338243;2899.0751003770793;2899.0751003770793;611.458572206949;0.0;5315.0;261.2101194069878;0.0;8788.0;-10192.761642904268;-9796.8;-395.961642904269;0.0;15468.46;-2611.739352627082;853.3526925324056
159;7;338;117.97252628994711;70000.00001498465;14615.107340592205;15468.46;14615.107340592205;1967.8983015267345;2145.203441041757;2145.203441041757;9570.828799173216;9570.828799172587;9570.828799172587;299.54363193454395;2899.0751003770793;2899.0751003770793;642.266694099438;0.0;5315.0;146.75391672984114;0.0;8788.0;-9950.24757827955;-9563.52;-386.72757827954945;0.0;15468.46;-2677.0435628560494;853.3526925324056
160;7;338;124.06865517181613;70000.00001498465;14615.107340592205;15468.46;14615.107340592205;2145.203441026919;2145.203441041757;2145.203441041757;9570.828799173223;9570.828799172587;9570.828799172587;401.1460949592151;2899.0751003770793;2899.0751003770793;563.1758092581467;0.0;5315.0;38.647199122031324;0.0;8788.0;-9908.691150368257;-9524.16;-384.5311503682577;0.0;15468.46;-2810.3099393828293;853.3526925324056
161;7;338;141.0305474321724;70000.00001498465;14615.107340592205;15468.46;14615.107340592205;2145.203441041516;2145.203441041757;2145.203441041757;9570.828799173232;9570.828799172587;9570.828799172587;683.8442993720464;2899.0751003770793;2899.0751003770793;447.34201876939204;0.0;5315.0;1.0313103021710268;0.0;8788.0;-10037.823611040872;-9649.92;-387.903611040873;0.0;15468.46;-2810.426003821338;853.3526925324056
162;7;338;190.27673734232906;70000.00001498465;14615.107340592205;15468.46;14615.107340592205;2145.2034410417864;2145.203441041757;2145.203441041757;9570.82879917324;9570.828799172587;9570.828799172587;1504.610669183588;2899.0751003770793;2899.0751003770793;448.49380643146833;0.0;5315.0;0.0;0.0;8788.0;-10488.005718938899;-10087.68;-400.32571893889786;0.0;15468.46;-3181.1312180561354;853.3526925324056
163;7;338;203.1259140815607;70000.00001498465;14615.107340592205;15468.46;14615.107340592205;2145.203441041802;2145.203441041757;2145.203441041757;9570.828799173241;9570.828799172587;9570.828799172587;1718.763589151015;2899.0751003770793;2899.0751003770793;497.3041057140464;0.0;5315.0;0.0;0.0;8788.0;-10653.316307136341;-10248.0;-405.3163071363418;0.0;15468.46;-3278.783851555099;853.3526925324056
164;7;338;178.34262604959383;70000.00001498465;14615.107340592205;15468.46;14615.107340592205;2145.2034410417655;2145.203441041757;2145.203441041757;9570.82879917324;9570.828799172587;9570.828799172587;1305.710146228083;2899.0751003770793;2899.0751003770793;447.0606660580448;0.0;5315.0;0.0;0.0;8788.0;-10499.241922361864;-10097.279999999999;-401.96192236186425;0.0;15468.46;-2969.561154829879;853.3526925324056
165;7;338;155.38872261754153;70000.00001498465;14615.107340592205;15468.46;14615.107340592205;2145.2034410416813;2145.203441041757;2145.203441041757;9570.828799173236;9570.828799172587;9570.828799172587;923.1450886298985;2899.0751003770793;2899.0751003770793;349.5675554402182;0.0;5315.0;0.0;0.0;8788.0;-10204.119272324271;-9811.199999999999;-392.9192723242725;0.0;15468.46;-2784.6256366978173;853.3526925324056
166;7;338;136.99066283832317;70000.00001498465;14615.107340592205;15468.46;14615.107340592205;2145.2034410414053;2145.203441041757;2145.203441041757;9570.82879917323;9570.828799172587;9570.828799172587;616.5128893163296;2899.0751003770793;2899.0751003770793;289.6789931483549;0.0;5315.0;0.0;0.0;8788.0;-9810.542038915095;-9431.039999999999;-379.50203891509517;0.0;15468.46;-2811.681829986225;853.3526925324056
167;7;338;125.82243503118191;70000.00001498465;14615.107340592205;15468.46;14615.107340592205;2145.203441038961;2145.203441041757;2145.203441041757;9570.828799173225;9570.828799172587;9570.828799172587;430.37575910445184;2899.0751003770793;2899.0751003770793;238.12550493014444;0.0;5315.0;0.0;0.0;8788.0;-9647.845554382095;-9273.6;-374.24555438209427;0.0;15468.46;-2736.687696097643;853.3526925324056
168;7;338;116.18096388706394;70000.00001498465;14615.107340592205;15468.46;14615.107340592205;1911.911985639811;2145.203441041757;2145.203441041757;9570.828799173214;9570.828799172587;9570.828799172587;269.68426013118676;2899.0751003770793;2899.0751003770793;198.10747787715826;0.0;5315.0;0.0;0.0;8788.0;-9395.072019814064;-9029.76;-365.31201981406355;0.0;15468.46;-2555.4603005104827;853.3526925324056
169;8;361;81.91626866410132;70000.00001498465;14615.107340592205;15468.46;14615.107340592205;841.1491749262011;2145.203441041757;2145.203441041757;7739.994123869035;9570.828799172587;9570.828799172587;0.0;2899.0751003770793;2899.0751003770793;2499.1506276280406;0.0;5315.0;0.0;0.0;8788.0;-8103.356593655069;-7785.599999999999;-317.7565936550702;0.0;15468.46;-2976.936776875079;853.3526925324056
170;8;361;79.04084982646768;70000.00001498465;14615.107340592205;15468.46;14615.107340592205;751.3065997614482;2145.203441041757;2145.203441041757;7380.983393771161;9570.828799172587;9570.828799172587;0.0;2899.0751003770793;2899.0751003770793;2485.0961804690382;0.0;5315.0;0.0;0.0;8788.0;-7708.902003958653;-7406.4;-302.50200395865295;0.0;15468.46;-2908.4831114516114;853.3526925324056
171;8;361;76.92673685374284;70000.00001498465;14615.107340592205;15468.46;14615.107340592205;685.2474268672453;2145.203441041757;2145.203441041757;7116.919582893133;9570.828799172587;9570.828799172587;0.0;2899.0751003770793;2899.0751003770793;2378.3360149212226;0.0;5315.0;0.0;0.0;8788.0;-7302.378200507153;-7015.679999999999;-286.6982005071541;0.0;15468.46;-2878.1235238974714;853.3526925324056
172;8;361;76.79646108938533;70000.00001498465;14615.107340592205;15468.46;14615.107340592205;681.1774408704636;2145.203441041757;2145.203441041757;7100.668168371384;9570.828799172587;9570.828799172587;0.0;2899.0751003770793;2899.0751003770793;2260.027199799837;0.0;5315.0;0.0;0.0;8788.0;-7171.488324506009;-6889.92;-281.568324506009;0.0;15468.46;-2870.383144376463;853.3526925324056
173;8;361;78.24681232284796;70000.00001498465;14615.107340592205;15468.46;14615.107340592205;726.5126722744815;2145.203441041757;2145.203441041757;7282.305411710698;9570.828799172587;9570.828799172587;0.0;2899.0751003770793;2899.0751003770793;2031.6830977251134;0.0;5315.0;0.0;0.0;8788.0;-7229.338851728839;-6945.599999999999;-283.7388517288393;0.0;15468.46;-2811.160575534861;853.3526925324056
174;8;361;81.30156818416212;70000.00001498465;14615.107340592205;15468.46;14615.107340592205;821.9626942661354;2145.203441041757;2145.203441041757;7663.825700926956;9570.828799172587;9570.828799172587;0.0;2899.0751003770793;2899.0751003770793;1934.5856393576182;0.0;5315.0;0.0;0.0;8788.0;-7558.849543345238;-7262.4;-296.44954334523845;0.0;15468.46;-2861.5231279190257;853.3526925324056
175;8;361;87.0100661113585;70000.00001498465;14615.107340592205;15468.46;14615.107340592205;1000.2738669292299;2145.203441041757;2145.203441041757;8375.06918773855;9570.828799172587;9570.828799172587;0.0;2899.0751003770793;2899.0751003770793;1880.486788328941;0.0;5315.0;0.0;0.0;8788.0;-8014.020914825621;-7700.16;-313.86091482562136;0.0;15468.46;-3241.810362761104;853.3526925324056
176;8;361;91.8861644866354;70000.00001498465;14615.107340592205;15468.46;14615.107340592205;1152.6926665012256;2145.203441041757;2145.203441041757;8985.770449416554;9570.828799172587;9570.828799172587;0.0;2899.0751003770793;2899.0751003770793;1869.7118587115765;0.0;5315.0;0.0;0.0;8788.0;-8508.17497423464;-8175.36;-332.8149742346406;0.0;15468.46;-3499.999999999856;853.3526925324056
177;8;361;95.34112918927865;70000.00001498465;14615.107340592205;15468.46;14615.107340592205;1260.660309453803;2145.203441041757;2145.203441041757;9417.641054210007;9570.828799172587;9570.828799172587;0.0;2899.0751003770793;2899.0751003770793;1872.7759655835894;0.0;5315.0;0.284764784927844;0.0;8788.0;-9051.362093697546;-8697.6;-353.76209369754457;0.0;15468.46;-3499.999999999949;853.3526925324056
178;8;361;96.26110611446734;70000.00001498465;14615.107340592205;15468.46;14615.107340592205;1289.4095889959665;2145.203441041757;2145.203441041757;9532.638167183439;9570.828799172587;9570.828799172587;0.0;2899.0751003770793;2899.0751003770793;1773.2210671279233;0.0;5315.0;254.722100117956;0.0;8788.0;-9349.99092308097;-8984.64;-365.3509230809707;0.0;15468.46;-3499.9999999999754;853.3526925324056
179;8;361;93.44312853509702;70000.00001498465;14615.107340592205;15468.46;14615.107340592205;1201.3477878617152;2145.203441041757;2145.203441041757;9180.390977302693;9570.828799172587;9570.828799172587;0.0;2899.0751003770793;2899.0751003770793;1599.028569715254;0.0;5315.0;922.4377981822106;0.0;8788.0;-9403.205132744335;-9035.52;-367.6851327443337;0.0;15468.46;-3499.9999999999477;853.3526925324056
180;8;361;91.93750303056481;70000.00001498465;14615.107340592205;15468.46;14615.107340592205;1154.2031688741793;2145.203441041757;2145.203441041757;8989.4478673369;9570.828799172587;9570.828799172587;0.0;2899.0751003770793;2899.0751003770793;1461.9086881586577;0.0;5315.0;1424.5743183292323;0.0;8788.0;-9541.21994726926;-9168.0;-373.21994726925965;0.0;15468.46;-3488.9174015198823;853.3526925324056
181;8;361;85.76885064305067;70000.00001498465;14615.107340592205;15468.46;14615.107340592205;961.5224525703261;2145.203441041757;2145.203441041757;8221.123809380488;9570.828799172587;9570.828799172587;0.0;2899.0751003770793;2899.0751003770793;1442.2755442699802;0.0;5315.0;1303.984128257829;0.0;8788.0;-9428.905993160803;-9059.52;-369.38599316080285;0.0;15468.46;-2500.000002621055;853.3526925324056
182;8;361;84.76666247247981;70000.00001498465;14615.107340592205;15468.46;14615.107340592205;930.2082109267943;2145.203441041757;2145.203441041757;8095.832772354819;9570.828799172587;9570.828799172587;0.0;2899.0751003770793;2899.0751003770793;1421.6181006665543;0.0;5315.0;1312.484741905202;0.0;8788.0;-9260.143825722853;-8897.279999999999;-362.86382572285476;0.0;15468.46;-2500.000000000147;853.3526925324056
183;8;361;85.34055866811268;70000.00001498465;14615.107340592205;15468.46;14615.107340592205;948.2333557205;2145.203441041757;2145.203441041757;8170.2242838378925;9570.828799172587;9570.828799172587;0.0;2899.0751003770793;2899.0751003770793;1387.1304128459815;0.0;5315.0;1114.654028008506;0.0;8788.0;-9018.297180622048;-8664.96;-353.33718062204923;0.0;15468.46;-2601.9416965099313;853.3526925324056
184;8;361;90.44415656731711;70000.00001498465;14615.107340592205;15468.46;14615.107340592205;1107.5912826347637;2145.203441041757;2145.203441041757;8804.391516333748;9570.828799172587;9570.828799172587;0.0;2899.0751003770793;2899.0751003770793;1623.8623426277356;0.0;5315.0;657.8836166387051;0.0;8788.0;-8972.877202075655;-8621.76;-351.1172020756556;0.0;15468.46;-3220.8529171528953;853.3526925324056
185;8;361;94.02581609538076;70000.00001498465;14615.107340592205;15468.46;14615.107340592205;1219.556784503764;2145.203441041757;2145.203441041757;9253.22687833926;9570.828799172587;9570.828799172587;0.0;2899.0751003770793;2899.0751003770793;2213.819413097219;0.0;5315.0;105.65158338099938;0.0;8788.0;-9292.25465884801;-8928.96;-363.2946588480114;0.0;15468.46;-3499.9999999998267;853.3526925324056
186;8;361;95.05681320697617;70000.00001498465;14615.107340592205;15468.46;14615.107340592205;1251.7754346961751;2145.203441041757;2145.203441041757;9382.10155772895;9570.828799172587;9570.828799172587;0.0;2899.0751003770793;2899.0751003770793;2802.668657265773;0.0;5315.0;0.0;0.0;8788.0;-9936.545649360694;-9548.16;-388.38564936069423;0.0;15468.46;-3499.9999999999823;853.3526925324056
187;8;361;92.85502147981812;70000.00001498465;14615.107340592205;15468.46;14615.107340592205;1182.9694419021469;2145.203441041757;2145.203441041757;9106.877597429759;9570.828799172587;9570.828799172587;0.0;2899.0751003770793;2899.0751003770793;3176.889744037767;0.0;5315.0;0.0;0.0;8788.0;-9966.7367830593;-9576.96;-389.7767830593001;0.0;15468.46;-3499.999999999994;853.3526925324056
188;8;361;90.54641072084969;70000.00001498465;14615.107340592205;15468.46;14615.107340592205;1110.8253546412752;2145.203441041757;2145.203441041757;8818.301256982448;9570.828799172587;9570.828799172587;0.0;2899.0751003770793;2899.0751003770793;3274.0795212636726;0.0;5315.0;0.0;0.0;8788.0;-9703.206132592753;-9323.52;-379.6861325927534;0.0;15468.46;-3499.999999999957;853.3526925324056
189;8;361;85.95669210126648;70000.00001498465;14615.107340592205;15468.46;14615.107340592205;967.3966459856222;2145.203441041757;2145.203441041757;8244.586437140493;9570.828799172587;9570.828799172587;0.0;2899.0751003770793;2899.0751003770793;3498.093429265323;0.0;5315.0;0.0;0.0;8788.0;-9210.076512123787;-8849.279999999999;-360.7965121237885;0.0;15468.46;-3499.9999999999445;853.3526925324056
190;8;361;82.76909643182243;70000.00001498465;14615.107340592205;15468.46;14615.107340592205;867.7842807157027;2145.203441041757;2145.203441041757;7846.136981005782;9570.828799172587;9570.828799172587;0.0;2899.0751003770793;2899.0751003770793;3559.8107841809406;0.0;5315.0;0.0;0.0;8788.0;-8773.732045643865;-8429.76;-343.9720456438639;0.0;15468.46;-3499.9999999999113;853.3526925324056
191;8;361;82.16555760920009;70000.00001498465;14615.107340592205;15468.46;14615.107340592205;848.8532585042022;2145.203441041757;2145.203441041757;7768.63771888748;9570.828799172587;9570.828799172587;0.0;2899.0751003770793;2899.0751003770793;3543.1186553530615;0.0;5315.0;0.0;0.0;8788.0;-8753.801460856434;-8410.56;-343.2414608564347;0.0;15468.46;-3406.8106538029515;853.3526925324056
192;8;361;78.90394863444025;70000.00001498465;14615.107340592205;15468.46;14615.107340592205;747.0140942218587;2145.203441041757;2145.203441041757;7363.451808192028;9570.828799172587;9570.828799172587;0.0;2899.0751003770793;2899.0751003770793;3549.1413618303313;0.0;5315.0;0.0;0.0;8788.0;-8658.162976079171;-8318.4;-339.762976079172;0.0;15468.46;-3001.4437350672865;853.3526925324056
