Timestep;Day;DayOfYear;EOM_price;CM_price;TotalCapOffer;TotalCapDemanded;TotalLocalCapSupply;Gen_C_MidMerit;new_capacity_Gen_C_MidMerit;Capacity_Gen_C_MidMerit;Gen_C_Baseload;new_capacity_Gen_C_Baseload;Capacity_Gen_C_Baseload;Gen_C_Peak;new_capacity_Gen_C_Peak;Capacity_Gen_C_Peak;Gen_C_WindOnshore;new_capacity_Gen_C_WindOnshore;Capacity_Gen_C_WindOnshore;Gen_C_PV;new_capacity_Gen_C_PV;Capacity_Gen_C_PV;Cons_C;Inelastic_Cons_C;Elastic_Cons_C;ENS_Cons_C;CapDemand_Cons_C;NetworkManager;CapacityManager
1;1;32;99.91573951063948;69999.99593013558;14580.182787346776;17169.93;14580.182787346776;1403.616862602181;2792.8796582602117;2792.8796582602117;9989.467426494615;10670.46469872711;10670.46469872711;0.0;1116.838430358062;1116.838430358062;3759.2615391;0.0;8300.0;0.0;0.0;18662.0;-11652.345828143803;-11197.439999999999;-454.90582814380554;0.0;17169.93;-3499.999999999961;2589.7472503802774
2;1;32;100.2163910580772;69999.99593013558;14580.182787346776;17169.93;14580.182787346776;1413.0122407311487;2792.8796582602117;2792.8796582602117;10027.048777580458;10670.46469872711;10670.46469872711;2.7048897163156878;1116.838430358062;1116.838430358062;3252.0038436;0.0;8300.0;0.0;0.0;18662.0;-11194.769751220849;-10757.76;-437.0097512208494;0.0;17169.93;-3499.999999999816;2589.7472503802774
3;1;32;98.57121788476861;69999.99593013558;14580.182787346776;17169.93;14580.182787346776;1361.5988511665375;2792.8796582602117;2792.8796582602117;9821.203858830544;10670.46469872711;10670.46469872711;0.0;1116.838430358062;1116.838430358062;3030.1384609;0.0;8300.0;0.0;0.0;18662.0;-10940.20546549156;-10512.96;-427.24546549155923;0.0;17169.93;-3272.735770161942;2589.7472503802774
4;1;32;98.66872716443827;69999.99593013558;14580.182787346776;17169.93;14580.182787346776;1364.645926715767;2792.8796582602117;2792.8796582602117;9833.398259326774;10670.46469872711;10670.46469872711;0.0;1116.838430358062;1116.838430358062;2797.7384608999996;0.0;8300.0;0.0;0.0;18662.0;-10837.29641602246;-10414.08;-423.2164160224608;0.0;17169.93;-3158.4862987803303;2589.7472503802774
5;1;32;99.94831358586909;69999.99593013558;14580.182787346776;17169.93;14580.182787346776;1404.6338920237672;2792.8796582602117;2792.8796582602117;9993.288878037605;10670.46469872711;10670.46469872711;0.0;1116.838430358062;1116.838430358062;2703.8846172999997;0.0;8300.0;0.0;0.0;18662.0;-10924.070651661441;-10497.6;-426.47065166144114;0.0;17169.93;-3177.73677243754;2589.7472503802774
6;1;32;103.00519269239234;69999.99593013558;14580.182787346776;17169.93;14580.182787346776;1500.157879867938;2792.8796582602117;2792.8796582602117;10375.220489191775;10670.46469872711;10670.46469872711;37.56439769982513;1116.838430358062;1116.838430358062;2975.2307654;0.0;8300.0;0.0;0.0;18662.0;-11396.249166448788;-10951.68;-444.56916644878805;0.0;17169.93;-3491.9245326264895;2589.7472503802774
7;1;32;116.43582594418409;69999.99593013558;14580.182787346776;17169.93;14580.182787346776;1919.8790534431903;2792.8796582602117;2792.8796582602117;10670.464698727932;10670.46469872711;10670.46469872711;205.44892539402397;1116.838430358062;1116.838430358062;3238.5961564;0.0;8300.0;0.0;0.0;18662.0;-12534.388470955928;-12047.039999999999;-487.34847095592977;0.0;17169.93;-3499.999999999932;2589.7472503802774
8;1;32;146.9934203354855;69999.99593013558;14580.182787346776;17169.93;14580.182787346776;2792.879658252597;2792.8796582602117;2792.8796582602117;10670.464698727945;10670.46469872711;10670.46469872711;587.4212277017157;1116.838430358062;1116.838430358062;3558.4653827;0.0;8300.0;0.0;0.0;18662.0;-14109.229839561278;-13564.8;-544.4298395612778;0.0;17169.93;-3499.999999998702;2589.7472503802774
9;1;32;180.90638813850154;69999.99593013558;14580.182787346776;17169.93;14580.182787346776;2792.8796582605105;2792.8796582602117;2792.8796582602117;10670.464698727947;10670.46469872711;10670.46469872711;1011.3281698768643;1116.838430358062;1116.838430358062;4109.4576955;0.0;8300.0;2.7992999999999997;0.0;18662.0;-15313.247150835223;-14727.359999999999;-585.887150835224;0.0;17169.93;-3273.6825106865467;2589.7472503802774
10;1;32;176.16451909266917;69999.99593013558;14580.182787346776;17169.93;14580.182787346776;2792.8796582605105;2792.8796582602117;2792.8796582602117;10670.464698727947;10670.46469872711;10670.46469872711;952.0546993754638;1116.838430358062;1116.838430358062;4602.35;0.0;8300.0;66.2501;0.0;18662.0;-15783.146629192557;-15178.56;-604.5866291925583;0.0;17169.93;-3300.85267905501;2589.7472503802774
11;1;32;139.8133039480529;69999.99593013558;14580.182787346776;17169.93;14580.182787346776;2650.411670740484;2792.8796582602117;2792.8796582602117;10670.464698727945;10670.46469872711;10670.46469872711;497.66484508733026;1116.838430358062;1116.838430358062;5007.134617299999;0.0;8300.0;207.1482;0.0;18662.0;-15731.973772948233;-15123.84;-608.133772948232;0.0;17169.93;-3300.8524348482115;2589.7472503802774
12;1;32;130.49918035078105;69999.99593013558;14580.182787346776;17169.93;14580.182787346776;2359.3481098370667;2792.8796582602117;2792.8796582602117;10670.464698727943;10670.46469872711;10670.46469872711;381.23976433434575;1116.838430358062;1116.838430358062;5235.065382700001;0.0;8300.0;331.2505;0.0;18662.0;-15676.51554771385;-15069.119999999999;-607.3955477138509;0.0;17169.93;-3300.852734639785;2589.7472503802774
13;1;32;119.99284945720524;69999.99593013558;14580.182787346776;17169.93;14580.182787346776;2031.0246427561476;2792.8796582602117;2792.8796582602117;10670.464698727938;10670.46469872711;10670.46469872711;249.9104970971881;1116.838430358062;1116.838430358062;5474.4884609;0.0;8300.0;414.2964;0.0;18662.0;-15539.3315163825;-14935.68;-603.6515163824984;0.0;17169.93;-3300.852758906605;2589.7472503802774
14;1;32;110.78205871442296;69999.99593013558;14580.182787346776;17169.93;14580.182787346776;1743.1768306497179;2792.8796582602117;2792.8796582602117;10670.464698727723;10670.46469872711;10670.46469872711;134.77428920376425;1116.838430358062;1116.838430358062;5661.8769218;0.0;8300.0;451.15385;0.0;18662.0;-15262.073604893569;-14667.84;-594.233604893568;0.0;17169.93;-3399.373452768143;2589.7472503802774
15;1;32;104.93581449055468;69999.99593013558;14580.182787346776;17169.93;14580.182787346776;1560.48978449118;2792.8796582602117;2792.8796582602117;10616.538221313524;10670.46469872711;10670.46469872711;61.69716717318341;1116.838430358062;1116.838430358062;5742.6423045;0.0;8300.0;432.49185;0.0;18662.0;-14976.268021166876;-14392.32;-583.9480211668767;0.0;17169.93;-3437.591474200979;2589.7472503802774
16;1;32;103.9811675315529;69999.99593013558;14580.182787346776;17169.93;14580.182787346776;1530.6571674396446;2792.8796582602117;2792.8796582602117;10497.253264096937;10670.46469872711;10670.46469872711;49.764091337098414;1116.838430358062;1116.838430358062;5839.05;0.0;8300.0;346.64665;0.0;18662.0;-15062.321718059495;-14474.88;-587.4417180594965;0.0;17169.93;-3201.0496191128427;2589.7472503802774
17;1;32;107.97861054091017;69999.99593013558;14580.182787346776;17169.93;14580.182787346776;1655.56906530877;2792.8796582602117;2792.8796582602117;10670.464698675605;10670.46469872711;10670.46469872711;99.73118609439906;1116.838430358062;1116.838430358062;6010.7961564;0.0;8300.0;219.2785;0.0;18662.0;-15349.408002322758;-14751.359999999999;-598.0480023227587;0.0;17169.93;-3306.4320717180517;2589.7472503802774
18;1;32;123.03761756558069;69999.99593013558;14580.182787346776;17169.93;14580.182787346776;2126.1631837673185;2792.8796582602117;2792.8796582602117;10670.46469872794;10670.46469872711;10670.46469872711;287.9687882071628;1116.838430358062;1116.838430358062;6282.7807654;0.0;8300.0;81.1797;0.0;18662.0;-16172.077744403383;-15544.32;-627.7577444033833;0.0;17169.93;-3276.479854955071;2589.7472503802774
19;1;32;122.06339715777118;69999.99593013558;14580.182787346776;17169.93;14580.182787346776;2095.7406477580926;2792.8796582602117;2792.8796582602117;10670.464698727938;10670.46469872711;10670.46469872711;275.7935648550744;1116.838430358062;1116.838430358062;6462.5076955;0.0;8300.0;0.9331;0.0;18662.0;-16005.439344073535;-15384.0;-621.4393440735355;0.0;17169.93;-3499.9999999999204;2589.7472503802774
20;1;32;106.85410247431595;69999.99593013558;14580.182787346776;17169.93;14580.182787346776;1620.450189994664;2792.8796582602117;2792.8796582602117;10670.464695295346;10670.46469872711;10670.46469872711;85.67738143460632;1116.838430358062;1116.838430358062;6512.9461564;0.0;8300.0;0.0;0.0;18662.0;-15389.538060315144;-14789.76;-599.7780603151449;0.0;17169.93;-3499.9999999999463;2589.7472503802774
21;1;32;101.48709239018648;69999.99593013558;14580.182787346776;17169.93;14580.182787346776;1452.7234418540588;2792.8796582602117;2792.8796582602117;10185.880361352283;10670.46469872711;10670.46469872711;18.588783164722578;1116.838430358062;1116.838430358062;6428.9884609;0.0;8300.0;0.0;0.0;18662.0;-14586.181868220567;-14016.96;-569.2218682205676;0.0;17169.93;-3499.9992966579407;2589.7472503802774
22;1;32;95.1537509248093;69999.99593013558;14580.182787346776;17169.93;14580.182787346776;1254.7465616413256;2792.8796582602117;2792.8796582602117;9392.627064014772;10670.46469872711;10670.46469872711;0.0;1116.838430358062;1116.838430358062;6320.45;0.0;8300.0;0.0;0.0;18662.0;-13758.895404407263;-13221.119999999999;-537.7754044072651;0.0;17169.93;-3208.9307528876475;2589.7472503802774
23;1;32;92.21600493356117;69999.99593013558;14580.182787346776;17169.93;14580.182787346776;1162.8891099693344;2792.8796582602117;2792.8796582602117;9023.961288007506;10670.46469872711;10670.46469872711;0.0;1116.838430358062;1116.838430358062;6181.9038436;0.0;8300.0;0.0;0.0;18662.0;-12891.101331165237;-12386.88;-504.22133116523685;0.0;17169.93;-3477.6577443444085;2589.7472503802774
24;1;32;89.38165831514783;69999.99593013558;14580.182787346776;17169.93;14580.182787346776;1074.426838240006;2792.8796582602117;2792.8796582602117;8672.707221669749;10670.46469872711;10670.46469872711;0.0;1116.838430358062;1116.838430358062;5915.9846173;0.0;8300.0;0.0;0.0;18662.0;-12163.118676918832;-11687.039999999999;-476.078676918832;0.0;17169.93;-3499.999999999763;2589.7472503802774
25;2;116;97.85315303940531;69999.99593013558;14580.182787346776;17169.93;14580.182787346776;1339.159071369556;2792.8796582602117;2792.8796582602117;9731.462040308628;10670.46469872711;10670.46469872711;0.0;1116.838430358062;1116.838430358062;2475.6346173;0.0;8300.0;0.0;0.0;18662.0;-10428.785108879209;-10021.44;-407.3451088792078;0.0;17169.93;-3117.4706936466564;2589.7472503802774
26;2;116;95.68065845686682;69999.99593013558;14580.182787346776;17169.93;14580.182787346776;1271.275849183554;2792.8796582602117;2792.8796582602117;9460.226430387153;10670.46469872711;10670.46469872711;0.0;1116.838430358062;1116.838430358062;2379.5461564;0.0;8300.0;0.0;0.0;18662.0;-10168.2616240085;-9770.88;-397.3816240085021;0.0;17169.93;-2942.786582579721;2589.7472503802774
27;2;116;95.34736436233491;69999.99593013558;14580.182787346776;17169.93;14580.182787346776;1260.87324613638;2792.8796582602117;2792.8796582602117;9418.916029904816;10670.46469872711;10670.46469872711;0.0;1116.838430358062;1116.838430358062;2279.9461564;0.0;8300.0;0.0;0.0;18662.0;-10084.375641903282;-9690.24;-394.1356419032824;0.0;17169.93;-2875.3590023378465;2589.7472503802774
28;2;116;95.68190750058464;69999.99593013558;14580.182787346776;17169.93;14580.182787346776;1271.3186958337649;2792.8796582602117;2792.8796582602117;9460.486950918083;10670.46469872711;10670.46469872711;0.0;1116.838430358062;1116.838430358062;2241.9576954999998;0.0;8300.0;0.0;0.0;18662.0;-10105.321777500256;-9710.4;-394.9217775002554;0.0;17169.93;-2868.441169343052;2589.7472503802774
29;2;116;99.04383596114181;69999.99593013558;14580.182787346776;17169.93;14580.182787346776;1376.3680689948792;2792.8796582602117;2792.8796582602117;9880.287409300525;10670.46469872711;10670.46469872711;0.0;1116.838430358062;1116.838430358062;2194.7115391;0.0;8300.0;0.0;0.0;18662.0;-10397.69151711448;-9991.68;-406.0115171144795;0.0;17169.93;-3053.6755684037716;2589.7472503802774
30;2;116;110.65844034526734;69999.99593013558;14580.182787346776;17169.93;14580.182787346776;1739.3137519769111;2792.8796582602117;2792.8796582602117;10670.46469872777;10670.46469872711;10670.46469872711;133.22905918562432;1116.838430358062;1116.838430358062;2139.1653827;0.0;8300.0;0.0;0.0;18662.0;-11300.481207371333;-10860.48;-440.0012073713341;0.0;17169.93;-3381.692152602487;2589.7472503802774
31;2;116;127.39491938279109;69999.99593013558;14580.182787346776;17169.93;14580.182787346776;2262.3380575761776;2792.8796582602117;2792.8796582602117;10670.464698727941;10670.46469872711;10670.46469872711;342.43611960145597;1116.838430358062;1116.838430358062;2076.2769218000003;0.0;8300.0;40.58985;0.0;18662.0;-12176.46801052009;-11704.32;-472.1480105200904;0.0;17169.93;-3215.6377547121238;2589.7472503802774
32;2;116;122.26562351922638;69999.99593013558;14580.182787346776;17169.93;14580.182787346776;2102.0383554004175;2792.8796582602117;2792.8796582602117;10670.46469872794;10670.46469872711;10670.46469872711;278.3188612570083;1116.838430358062;1116.838430358062;2003.4923045;0.0;8300.0;530.9339;0.0;18662.0;-12416.79993413126;-11934.72;-482.07993413126115;0.0;17169.93;-3168.4486494096304;2589.7472503802774
33;2;116;99.77276159203313;69999.99593013558;14580.182787346776;17169.93;14580.182787346776;1399.1488136398284;2792.8796582602117;2792.8796582602117;9971.595139818766;10670.46469872711;10670.46469872711;0.0;1116.838430358062;1116.838430358062;1869.0961564000002;0.0;8300.0;2002.4326;0.0;18662.0;-11742.272709604304;-11283.84;-458.43270960430414;0.0;17169.93;-3499.99999999982;2589.7472503802774
34;2;116;80.36295865949833;69999.99593013558;14580.182787346776;17169.93;14580.182787346776;792.592459704872;2792.8796582602117;2792.8796582602117;7545.369825638919;10670.46469872711;10670.46469872711;0.0;1116.838430358062;1116.838430358062;1620.0961564000002;0.0;8300.0;4115.43755;0.0;18662.0;-10573.495991714668;-10158.72;-414.7759917146693;0.0;17169.93;-3499.999999999981;2589.7472503802774
35;2;116;61.77856962994185;69999.99593013558;14580.182787346776;17169.93;14580.182787346776;211.8303018654852;2792.8796582602117;2792.8796582602117;5222.321199781597;10670.46469872711;10670.46469872711;0.0;1116.838430358062;1116.838430358062;1423.1307654;0.0;8300.0;6272.76475;0.0;18662.0;-9630.047017030089;-9250.56;-379.4870170300887;0.0;17169.93;-3499.999999999971;2589.7472503802774
36;2;116;49.02842591073837;69999.99593013558;14580.182787346776;17169.93;14580.182787346776;0.0;2792.8796582602117;2792.8796582602117;3628.5532388416036;10670.46469872711;10670.46469872711;0.0;1116.838430358062;1116.838430358062;1273.0923045;0.0;8300.0;7763.85855;0.0;18662.0;-9165.504093341637;-8803.199999999999;-362.3040933416385;0.0;17169.93;-3499.999999999991;2589.7472503802774
37;2;116;41.844088215252306;69999.99593013558;14580.182787346776;17169.93;14580.182787346776;0.0;2792.8796582602117;2792.8796582602117;2730.5110269059364;10670.46469872711;10670.46469872711;0.0;1116.838430358062;1116.838430358062;1176.6846173;0.0;8300.0;8507.072699999999;0.0;18662.0;-8914.268344205968;-8561.279999999999;-352.988344205969;0.0;17169.93;-3499.999999999996;2589.7472503802774
38;2;116;35.30452664407582;69999.99593013558;14580.182787346776;17169.93;14580.182787346776;0.0;2792.8796582602117;2792.8796582602117;1913.0658305089912;10670.46469872711;10670.46469872711;0.0;1116.838430358062;1116.838430358062;1110.2846172999998;0.0;8300.0;9225.5597;0.0;18662.0;-8748.910147809023;-8401.92;-346.99014780902246;0.0;17169.93;-3499.999999999991;2589.7472503802774
39;2;116;38.145328791814975;69999.99593013558;14580.182787346776;17169.93;14580.182787346776;0.0;2792.8796582602117;2792.8796582602117;2268.1660989762545;10670.46469872711;10670.46469872711;0.0;1116.838430358062;1116.838430358062;1136.1423045;0.0;8300.0;9083.26195;0.0;18662.0;-8987.570353476278;-8631.36;-356.2103534762769;0.0;17169.93;-3500.000000000011;2589.7472503802774
40;2;116;48.59147995186274;69999.99593013558;14580.182787346776;17169.93;14580.182787346776;0.0;2792.8796582602117;2792.8796582602117;3573.934993982191;10670.46469872711;10670.46469872711;0.0;1116.838430358062;1116.838430358062;1384.8230782;0.0;8300.0;8186.55285;0.0;18662.0;-9645.310922182218;-9264.0;-381.3109221822173;0.0;17169.93;-3499.999999999987;2589.7472503802774
41;2;116;60.96032125933147;69999.99593013558;14580.182787346776;17169.93;14580.182787346776;186.26004016276158;2792.8796582602117;2792.8796582602117;5120.040153970866;10670.46469872711;10670.46469872711;0.0;1116.838430358062;1116.838430358062;1672.7692346000001;0.0;8300.0;7247.387699999999;0.0;18662.0;-10726.457128718828;-10303.68;-422.77712871882727;0.0;17169.93;-3499.999999999979;2589.7472503802774
42;2;116;71.80686829972545;69999.99593013558;14580.182787346776;17169.93;14580.182787346776;525.2146356002369;2792.8796582602117;2792.8796582602117;6475.858532207934;10670.46469872711;10670.46469872711;0.0;1116.838430358062;1116.838430358062;1834.3;0.0;8300.0;6103.4071;0.0;18662.0;-11438.780267785603;-10989.119999999999;-449.6602677856048;0.0;17169.93;-3499.999999999982;2589.7472503802774
43;2;116;86.70526167249729;69999.99593013558;14580.182787346776;17169.93;14580.182787346776;990.7894291216819;2792.8796582602117;2792.8796582602117;8338.15770115175;10670.46469872711;10670.46469872711;0.0;1116.838430358062;1116.838430358062;1646.9115391;0.0;8300.0;4727.55115;0.0;18662.0;-12203.409819339457;-11725.439999999999;-477.96981933945773;0.0;17169.93;-3499.9999999999955;2589.7472503802774
44;2;116;104.06114676328197;69999.99593013558;14580.182787346776;17169.93;14580.182787346776;1533.1608428729373;2792.8796582602117;2792.8796582602117;10507.643311609752;10670.46469872711;10670.46469872711;50.7643350166256;1116.838430358062;1116.838430358062;1452.5;0.0;8300.0;2781.5710999999997;0.0;18662.0;-12825.639589368075;-12325.439999999999;-500.1995893680755;0.0;17169.93;-3499.999999999959;2589.7472503802774
45;2;116;129.92849762670124;69999.99593013558;14580.182787346776;17169.93;14580.182787346776;2341.512378603807;2792.8796582602117;2792.8796582602117;10670.464698727943;10670.46469872711;10670.46469872711;374.10584775141825;1116.838430358062;1116.838430358062;1274.6884609;0.0;8300.0;1081.92945;0.0;18662.0;-12888.232726421942;-12388.8;-499.4327264219428;0.0;17169.93;-2854.468227057191;2589.7472503802774
46;2;116;136.50932686563792;69999.99593013558;14580.182787346776;17169.93;14580.182787346776;2547.163292302067;2792.8796582602117;2792.8796582602117;10670.464698727945;10670.46469872711;10670.46469872711;456.36621323280764;1116.838430358062;1116.838430358062;1083.15;0.0;8300.0;87.24485;0.0;18662.0;-12239.269415986253;-11765.76;-473.5094159862527;0.0;17169.93;-2605.1197557714813;2589.7472503802774
47;2;116;126.46203560652197;69999.99593013558;14580.182787346776;17169.93;14580.182787346776;2233.198106991802;2792.8796582602117;2792.8796582602117;10670.464698727941;10670.46469872711;10670.46469872711;330.77654634884163;1116.838430358062;1116.838430358062;901.8269218;0.0;8300.0;0.0;0.0;18662.0;-11636.265910797201;-11184.96;-451.30591079720307;0.0;17169.93;-2500.000000000122;2589.7472503802774
48;2;116;115.91336191074676;69999.99593013558;14580.182787346776;17169.93;14580.182787346776;1903.5520552627604;2792.8796582602117;2792.8796582602117;10670.464698727934;10670.46469872711;10670.46469872711;198.91812523950307;1116.838430358062;1116.838430358062;717.3115391;0.0;8300.0;0.0;0.0;18662.0;-10990.246055218136;-10562.88;-427.3660552181381;0.0;17169.93;-2500.0000000002506;2589.7472503802774
49;3;138;102.92513701836009;69999.99593013558;14580.182787346776;17169.93;14580.182787346776;1497.6605340513102;2792.8796582602117;2792.8796582602117;10365.64211579179;10670.46469872711;10670.46469872711;36.56421288880173;1116.838430358062;1116.838430358062;1472.9307654;0.0;8300.0;0.0;0.0;18662.0;-10872.797628087215;-10448.64;-424.15762808721666;0.0;17169.93;-2500.000000000099;2589.7472503802774
50;3;138;101.88351456783631;69999.99593013558;14580.182787346776;17169.93;14580.182787346776;1465.1098356630102;2792.8796582602117;2792.8796582602117;10235.439292900699;10670.46469872711;10670.46469872711;23.543932493221586;1116.838430358062;1116.838430358062;1425.0461564;0.0;8300.0;0.0;0.0;18662.0;-10649.139217347793;-10233.6;-415.5392173477914;0.0;17169.93;-2500.000000000025;2589.7472503802774
51;3;138;101.57919455537458;69999.99593013558;14580.182787346776;17169.93;14580.182787346776;1455.5998352623876;2792.8796582602117;2792.8796582602117;10197.399291401027;10670.46469872711;10670.46469872711;19.73993233673047;1116.838430358062;1116.838430358062;1368.5423045;0.0;8300.0;0.0;0.0;18662.0;-10541.28136339123;-10129.92;-411.3613633912308;0.0;17169.93;-2500.000000000029;2589.7472503802774
52;3;138;101.42144133788484;69999.99593013558;14580.182787346776;17169.93;14580.182787346776;1450.670047186132;2792.8796582602117;2792.8796582602117;10177.680139369098;10670.46469872711;10670.46469872711;17.768017116005886;1116.838430358062;1116.838430358062;1322.2538436;0.0;8300.0;0.0;0.0;18662.0;-10468.372047162908;-10059.84;-408.5320471629079;0.0;17169.93;-2500.000000000024;2589.7472503802774
53;3;138;102.29350367625133;69999.99593013558;14580.182787346776;17169.93;14580.182787346776;1477.9180453431388;2792.8796582602117;2792.8796582602117;10286.465615107394;10670.46469872711;10670.46469872711;28.668334628897618;1116.838430358062;1116.838430358062;1291.6076954999999;0.0;8300.0;0.0;0.0;18662.0;-10567.17939219834;-10154.88;-412.29939219834233;0.0;17169.93;-2517.4804493153038;2589.7472503802774
54;3;138;107.65123895932066;69999.99593013558;14580.182787346776;17169.93;14580.182787346776;1645.338887248238;2792.8796582602117;2792.8796582602117;10670.464698698317;10670.46469872711;10670.46469872711;95.63905902615869;1116.838430358062;1116.838430358062;1242.4461564;0.0;8300.0;6.06515;0.0;18662.0;-10905.24771111569;-10480.32;-424.9277111156892;0.0;17169.93;-2754.706702467109;2589.7472503802774
55;3;138;119.13210840565836;69999.99593013558;14580.182787346776;17169.93;14580.182787346776;2004.1160929367338;2792.8796582602117;2792.8796582602117;10670.464698727941;10670.46469872711;10670.46469872711;239.14993049962104;1116.838430358062;1116.838430358062;1128.8000000000002;0.0;8300.0;273.86485;0.0;18662.0;-11642.113958121688;-11189.76;-452.353958121689;0.0;17169.93;-2674.2820752349694;2589.7472503802774
56;3;138;109.0843165763114;69999.99593013558;14580.182787346776;17169.93;14580.182787346776;1690.1225359124408;2792.8796582602117;2792.8796582602117;10670.464698727397;10670.46469872711;10670.46469872711;113.55252663129248;1116.838430358062;1116.838430358062;1048.9923045;0.0;8300.0;1073.065;0.0;18662.0;-11721.200042935887;-11264.64;-456.56004293588774;0.0;17169.93;-2874.9974858375685;2589.7472503802774
57;3;138;94.36505546502782;69999.99593013558;14580.182787346776;17169.93;14580.182787346776;1230.1920565670262;2792.8796582602117;2792.8796582602117;9296.56431700805;10670.46469872711;10670.46469872711;0.0;1116.838430358062;1116.838430358062;953.8615391;0.0;8300.0;2448.92095;0.0;18662.0;-11139.478306381683;-10704.0;-435.47830638168375;0.0;17169.93;-2790.0590731893044;2589.7472503802774
58;3;138;81.30776688437545;69999.99593013558;14580.182787346776;17169.93;14580.182787346776;822.1177241209616;2792.8796582602117;2792.8796582602117;7663.470822268932;10670.46469872711;10670.46469872711;0.0;1116.838430358062;1116.838430358062;767.75;0.0;8300.0;4458.3518;0.0;18662.0;-10211.690346225427;-9811.199999999999;-400.49034622542877;0.0;17169.93;-3499.9999999998895;2589.7472503802774
59;3;138;65.41951391355967;69999.99593013558;14580.182787346776;17169.93;14580.182787346776;325.6098108229032;2792.8796582602117;2792.8796582602117;5677.439234831628;10670.46469872711;10670.46469872711;0.0;1116.838430358062;1116.838430358062;625.3730782;0.0;8300.0;6418.32835;0.0;18662.0;-9546.75047383579;-9170.88;-375.8704738357899;0.0;17169.93;-3500.0;2589.7472503802774
60;3;138;53.45524124792658;69999.99593013558;14580.182787346776;17169.93;14580.182787346776;0.0;2792.8796582602117;2792.8796582602117;4181.90515599031;10670.46469872711;10670.46469872711;0.0;1116.838430358062;1116.838430358062;513.6423045;0.0;8300.0;8005.5314499999995;0.0;18662.0;-9201.078910490336;-8837.76;-363.3189104903355;0.0;17169.93;-3499.999999999987;2589.7472503802774
61;3;138;45.704321259152216;69999.99593013558;14580.182787346776;17169.93;14580.182787346776;0.0;2792.8796582602117;2792.8796582602117;3213.0401573937834;10670.46469872711;10670.46469872711;0.0;1116.838430358062;1116.838430358062;390.1;0.0;8300.0;9070.6651;0.0;18662.0;-9173.805257393804;-8810.88;-362.925257393805;0.0;17169.93;-3499.9999999999905;2589.7472503802774
62;3;138;43.72940561471343;69999.99593013558;14580.182787346776;17169.93;14580.182787346776;0.0;2792.8796582602117;2792.8796582602117;2966.1757018388757;10670.46469872711;10670.46469872711;0.0;1116.838430358062;1116.838430358062;298.16153909999997;0.0;8300.0;9777.48835;0.0;18662.0;-9541.825590938886;-9164.16;-377.66559093888725;0.0;17169.93;-3500.000000000002;2589.7472503802774
63;3;138;45.31693806136032;69999.99593013558;14580.182787346776;17169.93;14580.182787346776;0.0;2792.8796582602117;2792.8796582602117;3164.617257669806;10670.46469872711;10670.46469872711;0.0;1116.838430358062;1116.838430358062;246.12692180000002;0.0;8300.0;9982.770349999999;0.0;18662.0;-9893.514529469821;-9502.08;-391.43452946982165;0.0;17169.93;-3499.999999999971;2589.7472503802774
64;3;138;52.26884159137516;69999.99593013558;14580.182787346776;17169.93;14580.182787346776;0.0;2792.8796582602117;2792.8796582602117;4033.6051989216135;10670.46469872711;10670.46469872711;0.0;1116.838430358062;1116.838430358062;245.4884609;0.0;8300.0;9645.4547;0.0;18662.0;-10424.548359821632;-10012.8;-411.74835982163313;0.0;17169.93;-3499.9999999999905;2589.7472503802774
65;3;138;66.14901181956424;69999.99593013558;14580.182787346776;17169.93;14580.182787346776;348.406620195461;2792.8796582602117;2792.8796582602117;5768.626473891339;10670.46469872711;10670.46469872711;0.0;1116.838430358062;1116.838430358062;261.45;0.0;8300.0;8606.9144;0.0;18662.0;-11485.397494071523;-11033.279999999999;-452.1174940715239;0.0;17169.93;-3500.0000000000014;2589.7472503802774
66;3;138;79.08685608443919;69999.99593013558;14580.182787346776;17169.93;14580.182787346776;752.7142539986431;2792.8796582602117;2792.8796582602117;7385.857004759507;10670.46469872711;10670.46469872711;0.0;1116.838430358062;1116.838430358062;242.2961564;0.0;8300.0;7146.6129;0.0;18662.0;-12027.480315133236;-11555.52;-471.96031513323635;0.0;17169.93;-3499.999999999986;2589.7472503802774
67;3;138;94.793243399932;69999.99593013558;14580.182787346776;17169.93;14580.182787346776;1243.5388583200836;2792.8796582602117;2792.8796582602117;9349.155416160515;10670.46469872711;10670.46469872711;0.0;1116.838430358062;1116.838430358062;181.3230782;0.0;8300.0;5362.99225;0.0;18662.0;-12637.009602642622;-12143.039999999999;-493.969602642623;0.0;17169.93;-3499.9999999999804;2589.7472503802774
68;3;138;121.88971057466844;69999.99593013558;14580.182787346776;17169.93;14580.182787346776;2090.291020470629;2792.8796582602117;2792.8796582602117;10670.464698727941;10670.46469872711;10670.46469872711;273.61994413685034;1116.838430358062;1116.838430358062;175.2576955;0.0;8300.0;3387.61955;0.0;18662.0;-13137.966623708648;-12627.84;-510.12662370864734;0.0;17169.93;-3459.2867503832717;2589.7472503802774
69;3;138;158.95701376189868;69999.99593013558;14580.182787346776;17169.93;14580.182787346776;2792.879658261178;2792.8796582602117;2792.8796582602117;10670.464698727945;10670.46469872711;10670.46469872711;736.9616290800086;1116.838430358062;1116.838430358062;198.24230450000002;0.0;8300.0;1679.58;0.0;18662.0;-13387.68545131182;-12872.64;-515.0454513118199;0.0;17169.93;-2690.443190716163;2589.7472503802774
70;3;138;217.04868502207395;69999.99593013558;14580.182787346776;17169.93;14580.182787346776;2792.879658261196;2792.8796582602117;2792.8796582602117;10670.464698727947;10670.46469872711;10670.46469872711;1116.8384303581015;1116.838430358062;1116.838430358062;257.3;0.0;8300.0;471.2155;0.0;18662.0;-13078.55142885416;-12582.72;-495.83142885415987;0.0;17169.93;-2230.146858491209;2589.7472503802774
71;3;138;183.3838936705579;69999.99593013558;14580.182787346776;17169.93;14580.182787346776;2792.8796582611953;2792.8796582602117;2792.8796582602117;10670.464698727947;10670.46469872711;10670.46469872711;1042.3021488169375;1116.838430358062;1116.838430358062;362.32692180000004;0.0;8300.0;24.2606;0.0;18662.0;-12392.232898323906;-11918.4;-473.8328983239054;0.0;17169.93;-2499.99999999999;2589.7472503802774
72;3;138;131.54369916641528;69999.99593013558;14580.182787346776;17169.93;14580.182787346776;2392.000093393517;2792.8796582602117;2792.8796582602117;10670.464698727943;10670.46469872711;10670.46469872711;394.2973408745159;1116.838430358062;1116.838430358062;580.0423045;0.0;8300.0;0.0;0.0;18662.0;-11536.804074417223;-11089.92;-446.88407441722273;0.0;17169.93;-2499.999999999995;2589.7472503802774
73;4;230;124.19222217460572;69999.99593013558;14580.182787346776;17169.93;14580.182787346776;2162.266438385898;2792.8796582602117;2792.8796582602117;10670.464698727938;10670.46469872711;10670.46469872711;302.4038785915518;1116.838430358062;1116.838430358062;342.2153827;0.0;8300.0;0.0;0.0;18662.0;-10977.350035287474;-10551.359999999999;-425.9900352874748;0.0;17169.93;-2500.0000000000227;2589.7472503802774
74;4;230;120.18482763481067;69999.99593013558;14580.182787346776;17169.93;14580.182787346776;2037.0353594077012;2792.8796582602117;2792.8796582602117;10670.464698727934;10670.46469872711;10670.46469872711;252.3114468895017;1116.838430358062;1116.838430358062;296.2461564;0.0;8300.0;0.0;0.0;18662.0;-10756.057298291753;-10338.24;-417.81729829175384;0.0;17169.93;-2500.0000000000173;2589.7472503802774
75;4;230;118.57636244253396;69999.99593013558;14580.182787346776;17169.93;14580.182787346776;1986.7708223125965;2792.8796582602117;2792.8796582602117;10670.464698727932;10670.46469872711;10670.46469872711;232.20563200504665;1116.838430358062;1116.838430358062;273.90000000000003;0.0;8300.0;0.0;0.0;18662.0;-10663.340789905691;-10248.96;-414.3807899056922;0.0;17169.93;-2500.000000000035;2589.7472503802774
76;4;230;119.25462963506672;69999.99593013558;14580.182787346776;17169.93;14580.182787346776;2007.966671994869;2792.8796582602117;2792.8796582602117;10670.464698727934;10670.46469872711;10670.46469872711;240.68397190189475;1116.838430358062;1116.838430358062;292.0961564;0.0;8300.0;0.0;0.0;18662.0;-10711.211135888156;-10295.039999999999;-416.17113588815687;0.0;17169.93;-2500.000000000029;2589.7472503802774
77;4;230;123.41287440497209;69999.99593013558;14580.182787346776;17169.93;14580.182787346776;2137.911820681605;2792.8796582602117;2792.8796582602117;10670.464698727938;10670.46469872711;10670.46469872711;292.66203148235996;1116.838430358062;1116.838430358062;321.46538269999996;0.0;8300.0;0.0;0.0;18662.0;-10922.503570470137;-10498.56;-423.9435704701374;0.0;17169.93;-2500.000000000035;2589.7472503802774
78;4;230;133.175159555206;69999.99593013558;14580.182787346776;17169.93;14580.182787346776;2442.983230842171;2792.8796582602117;2792.8796582602117;10670.464698727941;10670.46469872711;10670.46469872711;414.6905957691248;1116.838430358062;1116.838430358062;338.70384359999997;0.0;8300.0;0.0;0.0;18662.0;-11366.842005848575;-10926.72;-440.12200584857646;0.0;17169.93;-2500.000000000031;2589.7472503802774
79;4;230;144.2404536340677;69999.99593013558;14580.182787346776;17169.93;14580.182787346776;2788.773669011057;2792.8796582602117;2792.8796582602117;10670.464698727943;10670.46469872711;10670.46469872711;553.0067716843382;1116.838430358062;1116.838430358062;309.3346173;0.0;8300.0;9.331;0.0;18662.0;-11830.910393660577;-11374.08;-456.8303936605773;0.0;17169.93;-2500.0000000000814;2589.7472503802774
80;4;230;139.6642125279531;69999.99593013558;14580.182787346776;17169.93;14580.182787346776;2645.766135233329;2792.8796582602117;2792.8796582602117;10670.464698727943;10670.46469872711;10670.46469872711;495.80375781129635;1116.838430358062;1116.838430358062;296.8846173;0.0;8300.0;329.3843;0.0;18662.0;-11938.303146021795;-11476.8;-461.50314602179566;0.0;17169.93;-2500.000000000058;2589.7472503802774
81;4;230;110.90238389989892;69999.99593013558;14580.182787346776;17169.93;14580.182787346776;1746.9371841967113;2792.8796582602117;2792.8796582602117;10670.464698727643;10670.46469872711;10670.46469872711;136.27837244953074;1116.838430358062;1116.838430358062;308.3769218;0.0;8300.0;1471.4987;0.0;18662.0;-11606.114248698426;-11154.24;-451.87424869842596;0.0;17169.93;-2727.442090189204;2589.7472503802774
82;4;230;94.02813751749558;69999.99593013558;14580.182787346776;17169.93;14580.182787346776;1219.6222370022422;2792.8796582602117;2792.8796582602117;9253.323776311794;10670.46469872711;10670.46469872711;0.0;1116.838430358062;1116.838430358062;313.16538269999995;0.0;8300.0;3265.38345;0.0;18662.0;-11055.5948442305;-10623.359999999999;-432.23484423050144;0.0;17169.93;-2995.900309248595;2589.7472503802774
83;4;230;83.09194555260088;69999.99593013558;14580.182787346776;17169.93;14580.182787346776;877.8733046988459;2792.8796582602117;2792.8796582602117;7886.493167742918;10670.46469872711;10670.46469872711;0.0;1116.838430358062;1116.838430358062;329.1269218;0.0;8300.0;5138.5817;0.0;18662.0;-10732.075094128775;-10311.359999999999;-420.7150941287767;0.0;17169.93;-3499.9999999998577;2589.7472503802774
84;4;230;72.45016780308295;69999.99593013558;14580.182787346776;17169.93;14580.182787346776;545.3177451106159;2792.8796582602117;2792.8796582602117;6556.270969998671;10670.46469872711;10670.46469872711;0.0;1116.838430358062;1116.838430358062;340.9384609;0.0;8300.0;6486.9112000000005;0.0;18662.0;-10429.438375986218;-10019.52;-409.9183759862164;0.0;17169.93;-3499.999999999964;2589.7472503802774
85;4;230;67.54324143015744;69999.99593013558;14580.182787346776;17169.93;14580.182787346776;391.9762957447256;2792.8796582602117;2792.8796582602117;5942.905174286171;10670.46469872711;10670.46469872711;0.0;1116.838430358062;1116.838430358062;318.59230449999995;0.0;8300.0;7189.5355;0.0;18662.0;-10343.009274511684;-9936.0;-407.0092745116837;0.0;17169.93;-3499.999999999969;2589.7472503802774
86;4;230;61.9659191291007;69999.99593013558;14580.182787346776;17169.93;14580.182787346776;217.684973569186;2792.8796582602117;2792.8796582602117;5245.739887793873;10670.46469872711;10670.46469872711;0.0;1116.838430358062;1116.838430358062;297.5230782;0.0;8300.0;7883.7618999999995;0.0;18662.0;-10144.70983954874;-9744.96;-399.74983954874006;0.0;17169.93;-3499.999999999986;2589.7472503802774
87;4;230;61.197352975915535;69999.99593013558;14580.182787346776;17169.93;14580.182787346776;193.6672811710208;2792.8796582602117;2792.8796582602117;5149.669119119446;10670.46469872711;10670.46469872711;0.0;1116.838430358062;1116.838430358062;305.8230782;0.0;8300.0;8440.35605;0.0;18662.0;-10589.515528478169;-10172.16;-417.35552847816905;0.0;17169.93;-3499.9999999999714;2589.7472503802774
88;4;230;60.29704265525253;69999.99593013558;14580.182787346776;17169.93;14580.182787346776;165.5325835686748;2792.8796582602117;2792.8796582602117;5037.130329384185;10670.46469872711;10670.46469872711;0.0;1116.838430358062;1116.838430358062;383.0769218;0.0;8300.0;8685.761349999999;0.0;18662.0;-10771.501184742056;-10346.88;-424.62118474205715;0.0;17169.93;-3499.9999999999804;2589.7472503802774
89;4;230;68.93731827560214;69999.99593013558;14580.182787346776;17169.93;14580.182787346776;435.5411971467103;2792.8796582602117;2792.8796582602117;6117.164780043636;10670.46469872711;10670.46469872711;0.0;1116.838430358062;1116.838430358062;499.9153827;0.0;8300.0;7718.6032000000005;0.0;18662.0;-11271.22455987143;-10827.84;-443.38455987143055;0.0;17169.93;-3499.9999999999754;2589.7472503802774
90;4;230;80.71941020134632;69999.99593013558;14580.182787346776;17169.93;14580.182787346776;803.7315702710499;2792.8796582602117;2792.8796582602117;7589.926268865884;10670.46469872711;10670.46469872711;0.0;1116.838430358062;1116.838430358062;564.4000000000001;0.0;8300.0;6453.3196;0.0;18662.0;-11911.377439109885;-11444.16;-467.21743910988573;0.0;17169.93;-3499.9999999999627;2589.7472503802774
91;4;230;95.49660590460223;69999.99593013558;14580.182787346776;17169.93;14580.182787346776;1265.5189367358748;2792.8796582602117;2792.8796582602117;9437.075728626985;10670.46469872711;10670.46469872711;0.0;1116.838430358062;1116.838430358062;475.3346173;0.0;8300.0;4909.0391;0.0;18662.0;-12586.968382622306;-12095.039999999999;-491.92838262230714;0.0;17169.93;-3499.999999999938;2589.7472503802774
92;4;230;120.75197316818857;69999.99593013558;14580.182787346776;17169.93;14580.182787346776;2054.7367701581065;2792.8796582602117;2792.8796582602117;10670.464698727936;10670.46469872711;10670.46469872711;259.39823075930315;1116.838430358062;1116.838430358062;432.5576955;0.0;8300.0;2866.01665;0.0;18662.0;-13095.168205057538;-12586.56;-508.60820505753907;0.0;17169.93;-3188.0063040761324;2589.7472503802774
93;4;230;161.62000174381942;69999.99593013558;14580.182787346776;17169.93;14580.182787346776;2792.8796582604364;2792.8796582602117;2792.8796582602117;10670.464698727945;10670.46469872711;10670.46469872711;770.2534965441696;1116.838430358062;1116.838430358062;421.06538270000004;0.0;8300.0;1067.93295;0.0;18662.0;-13222.595056237677;-12714.24;-508.355056237677;0.0;17169.93;-2500.000001625839;2589.7472503802774
94;4;230;207.68355570102014;69999.99593013558;14580.182787346776;17169.93;14580.182787346776;2792.879658260437;2792.8796582602117;2792.8796582602117;10670.464698727947;10670.46469872711;10670.46469872711;1116.8384303580417;1116.838430358062;1116.838430358062;422.3423045;0.0;8300.0;64.3839;0.0;18662.0;-12796.368737652463;-12310.08;-486.2887376524637;0.0;17169.93;-2270.540254192885;2589.7472503802774
95;4;230;168.3075802313582;69999.99593013558;14580.182787346776;17169.93;14580.182787346776;2792.8796582604364;2792.8796582602117;2792.8796582602117;10670.464698727945;10670.46469872711;10670.46469872711;853.8482311975035;1116.838430358062;1116.838430358062;434.1538436;0.0;8300.0;0.0;0.0;18662.0;-12251.345302381967;-11781.119999999999;-470.2253023819679;0.0;17169.93;-2499.9999999999945;2589.7472503802774
96;4;230;137.02515505786255;69999.99593013558;14580.182787346776;17169.93;14580.182787346776;2563.2955898887003;2792.8796582602117;2792.8796582602117;10670.464698727941;10670.46469872711;10670.46469872711;462.81553950452303;1116.838430358062;1116.838430358062;403.50769549999995;0.0;8300.0;0.0;0.0;18662.0;-11600.08316054685;-11151.359999999999;-448.7231605468512;0.0;17169.93;-2500.000000000029;2589.7472503802774
97;5;271;104.70491360918479;69999.99593013558;14580.182787346776;17169.93;14580.182787346776;1553.278555909526;2792.8796582602117;2792.8796582602117;10588.114172010773;10670.46469872711;10670.46469872711;58.81142052496765;1116.838430358062;1116.838430358062;742.85;0.0;8300.0;0.0;0.0;18662.0;-10443.054148331978;-10035.84;-407.2141483319767;0.0;17169.93;-2500.000000000049;2589.7472503802774
98;5;271;103.58544987005074;69999.99593013558;14580.182787346776;17169.93;14580.182787346776;1518.2953139877172;2792.8796582602117;2792.8796582602117;10448.181205002404;10670.46469872711;10670.46469872711;44.8181237805707;1116.838430358062;1116.838430358062;668.15;0.0;8300.0;0.0;0.0;18662.0;-10179.44464265889;-9782.4;-397.04464265888987;0.0;17169.93;-2500.0000000000437;2589.7472503802774
99;5;271;103.27210313393944;69999.99593013558;14580.182787346776;17169.93;14580.182787346776;1508.503228448312;2792.8796582602117;2792.8796582602117;10409.012863175014;10670.46469872711;10670.46469872711;40.90128957661812;1116.838430358062;1116.838430358062;607.1769218;0.0;8300.0;0.0;0.0;18662.0;-10065.594302888856;-9672.96;-392.6343028888574;0.0;17169.93;-2500.0000000000528;2589.7472503802774
100;5;271;103.07628021780758;69999.99593013558;14580.182787346776;17169.93;14580.182787346776;1502.3837622930116;2792.8796582602117;2792.8796582602117;10384.534998794554;10670.46469872711;10670.46469872711;38.45350312310201;1116.838430358062;1116.838430358062;535.35;0.0;8300.0;0.0;0.0;18662.0;-9960.722264100103;-9572.16;-388.5622641001032;0.0;17169.93;-2500.0000000000546;2589.7472503802774
101;5;271;104.83587925696905;69999.99593013558;14580.182787346776;17169.93;14580.182787346776;1557.3712187686494;2792.8796582602117;2792.8796582602117;10604.484948861722;10670.46469872711;10670.46469872711;60.44849011046892;1116.838430358062;1116.838430358062;490.9769218;0.0;8300.0;0.0;0.0;18662.0;-10213.281579703642;-9815.039999999999;-398.24157970364257;0.0;17169.93;-2500.000000000239;2589.7472503802774
102;5;271;128.30574936944987;69999.99593013558;14580.182787346776;17169.93;14580.182787346776;2290.81416270392;2792.8796582602117;2792.8796582602117;10670.46469872794;10670.46469872711;10670.46469872711;353.8229684659125;1116.838430358062;1116.838430358062;458.4153827;0.0;8300.0;0.0;0.0;18662.0;-11273.51684950052;-10836.48;-437.03684950052076;0.0;17169.93;-2500.0000000000778;2589.7472503802774
103;5;271;231.14708482320594;69999.99593013558;14580.182787346776;17169.93;14580.182787346776;2792.879658260643;2792.8796582602117;2792.8796582602117;10670.464698727948;10670.46469872711;10670.46469872711;1116.8384303580815;1116.838430358062;1116.838430358062;417.23461729999997;0.0;8300.0;0.0;0.0;18662.0;-12758.440910792813;-12276.48;-481.9609107928136;0.0;17169.93;-2238.976493852542;2589.7472503802774
104;5;271;244.1609219328704;69999.99593013558;14580.182787346776;17169.93;14580.182787346776;2792.879658260643;2792.8796582602117;2792.8796582602117;10670.464698727948;10670.46469872711;10670.46469872711;1116.8384303580926;1116.838430358062;1116.838430358062;388.5038436;0.0;8300.0;4.19895;0.0;18662.0;-13079.985619916168;-12587.52;-492.46561991616744;0.0;17169.93;-1892.899961029176;2589.7472503802774
105;5;271;128.43678300577318;69999.99593013558;14580.182787346776;17169.93;14580.182787346776;2294.9089625928186;2792.8796582602117;2792.8796582602117;10670.46469872794;10670.46469872711;10670.46469872711;355.4608887758112;1116.838430358062;1116.838430358062;347.96153910000004;0.0;8300.0;811.7969999999999;0.0;18662.0;-11980.59272614872;-11516.16;-464.43272614871995;0.0;17169.93;-2500.0000000000123;2589.7472503802774
106;5;271;90.50067900071484;69999.99593013558;14580.182787346776;17169.93;14580.182787346776;1109.3945775028594;2792.8796582602117;2792.8796582602117;8812.591845063042;10670.46469872711;10670.46469872711;0.0;1116.838430358062;1116.838430358062;274.2192346;0.0;8300.0;2983.1207;0.0;18662.0;-10679.326382226756;-10261.44;-417.8863822267565;0.0;17169.93;-2500.0000036287083;2589.7472503802774
107;5;271;77.49918306041103;69999.99593013558;14580.182787346776;17169.93;14580.182787346776;703.027143827133;2792.8796582602117;2792.8796582602117;7185.418204985896;10670.46469872711;10670.46469872711;0.0;1116.838430358062;1116.838430358062;225.0576955;0.0;8300.0;5181.97085;0.0;18662.0;-9963.272537262914;-9572.16;-391.1125372629132;0.0;17169.93;-3332.2045055503622;2589.7472503802774
108;5;271;68.28577084112017;69999.99593013558;14580.182787346776;17169.93;14580.182787346776;415.1803399103257;2792.8796582602117;2792.8796582602117;6035.721350345554;10670.46469872711;10670.46469872711;0.0;1116.838430358062;1116.838430358062;188.6653827;0.0;8300.0;6818.62825;0.0;18662.0;-9958.195322935355;-9566.4;-391.79532293535533;0.0;17169.93;-3499.9999999999604;2589.7472503802774
109;5;271;64.64787589408316;69999.99593013558;14580.182787346776;17169.93;14580.182787346776;301.49612259294247;2792.8796582602117;2792.8796582602117;5580.984482913883;10670.46469872711;10670.46469872711;0.0;1116.838430358062;1116.838430358062;165.6807654;0.0;8300.0;7703.20705;0.0;18662.0;-10251.368420890349;-9847.68;-403.6884208903483;0.0;17169.93;-3499.9999999999573;2589.7472503802774
110;5;271;62.83786358469111;69999.99593013558;14580.182787346776;17169.93;14580.182787346776;244.93323776968106;2792.8796582602117;2792.8796582602117;5354.7329448989785;10670.46469872711;10670.46469872711;0.0;1116.838430358062;1116.838430358062;143.3346173;0.0;8300.0;8420.2944;0.0;18662.0;-10663.295199955004;-10243.199999999999;-420.0951999550052;0.0;17169.93;-3499.9999999999827;2589.7472503802774
111;5;271;72.08553614996623;69999.99593013558;14580.182787346776;17169.93;14580.182787346776;533.923005946208;2792.8796582602117;2792.8796582602117;6510.6920133778585;10670.46469872711;10670.46469872711;0.0;1116.838430358062;1116.838430358062;137.2692346;0.0;8300.0;7482.062349999999;0.0;18662.0;-11163.946603901106;-10725.119999999999;-438.82660390110715;0.0;17169.93;-3499.999999999941;2589.7472503802774
112;5;271;87.2992796244365;69999.99593013558;14580.182787346776;17169.93;14580.182787346776;1009.3103463155161;2792.8796582602117;2792.8796582602117;8411.256407730458;10670.46469872711;10670.46469872711;0.0;1116.838430358062;1116.838430358062;143.6538436;0.0;8300.0;5321.002750000001;0.0;18662.0;-11725.754543465982;-11266.56;-459.19454346598246;0.0;17169.93;-3159.4706387433703;2589.7472503802774
113;5;271;98.38524403058547;69999.99593013558;14580.182787346776;17169.93;14580.182787346776;1355.7866771573767;2792.8796582602117;2792.8796582602117;9797.988505168316;10670.46469872711;10670.46469872711;0.0;1116.838430358062;1116.838430358062;153.8692346;0.0;8300.0;4460.218;0.0;18662.0;-12941.255174838605;-12435.84;-505.41517483860514;0.0;17169.93;-2826.607323889933;2589.7472503802774
114;5;271;116.61735795945451;69999.99593013558;14580.182787346776;17169.93;14580.182787346776;1925.5299970745073;2792.8796582602117;2792.8796582602117;10670.46469872793;10670.46469872711;10670.46469872711;207.71553605019383;1116.838430358062;1116.838430358062;145.25;0.0;8300.0;3720.73625;0.0;18662.0;-13420.331287944457;-12898.56;-521.7712879444564;0.0;17169.93;-3249.3656592842863;2589.7472503802774
115;5;271;148.21546035024912;69999.99593013558;14580.182787346776;17169.93;14580.182787346776;2792.879658250773;2792.8796582602117;2792.8796582602117;10670.464698727945;10670.46469872711;10670.46469872711;602.6922115667958;1116.838430358062;1116.838430358062;106.9423045;0.0;8300.0;2866.01665;0.0;18662.0;-13897.371369418835;-13361.279999999999;-536.0913694188359;0.0;17169.93;-3141.624505043305;2589.7472503802774
116;5;271;233.41210659861866;69999.99593013558;14580.182787346776;17169.93;14580.182787346776;2792.879658260643;2792.8796582602117;2792.8796582602117;10670.464698727948;10670.46469872711;10670.46469872711;1116.8384303580838;1116.838430358062;1116.838430358062;88.4269218;0.0;8300.0;1001.68285;0.0;18662.0;-13695.957186006146;-13178.88;-517.0771860061467;0.0;17169.93;-1974.3353731392206;2589.7472503802774
117;5;271;217.08917915713275;69999.99593013558;14580.182787346776;17169.93;14580.182787346776;2792.879658260643;2792.8796582602117;2792.8796582602117;10670.464698727948;10670.46469872711;10670.46469872711;1116.8384303580578;1116.838430358062;1116.838430358062;80.1269218;0.0;8300.0;7.931349999999999;0.0;18662.0;-12991.734988873744;-12499.199999999999;-492.53498887374593;0.0;17169.93;-1676.506070271624;2589.7472503802774
118;5;271;193.55070004071925;69999.99593013558;14580.182787346776;17169.93;14580.182787346776;2792.879658260643;2792.8796582602117;2792.8796582602117;10670.464698727947;10670.46469872711;10670.46469872711;1116.8384303576634;1116.838430358062;1116.838430358062;77.89230450000001;0.0;8300.0;0.0;0.0;18662.0;-12182.375201553032;-11717.76;-464.61520155303134;0.0;17169.93;-2475.699890292328;2589.7472503802774
119;5;271;141.39504051925132;69999.99593013558;14580.182787346776;17169.93;14580.182787346776;2699.854510783933;2792.8796582602117;2792.8796582602117;10670.464698727943;10670.46469872711;10670.46469872711;517.4391077982344;1116.838430358062;1116.838430358062;83.0;0.0;8300.0;0.0;0.0;18662.0;-11470.757954226803;-11027.52;-443.2379542268036;0.0;17169.93;-2500.000000000013;2589.7472503802774
120;5;271;127.4737766014789;69999.99593013558;14580.182787346776;17169.93;14580.182787346776;2264.8150144191236;2792.8796582602117;2792.8796582602117;10670.46469872794;10670.46469872711;10670.46469872711;343.42330894994063;1116.838430358062;1116.838430358062;88.4269218;0.0;8300.0;0.0;0.0;18662.0;-10867.129580771434;-10445.76;-421.3695807714332;0.0;17169.93;-2500.0000000000205;2589.7472503802774
121;6;289;80.396453200391;69999.99593013558;14580.182787346776;17169.93;14580.182787346776;793.5820088793876;2792.8796582602117;2792.8796582602117;7547.992212941217;10670.46469872711;10670.46469872711;0.0;1116.838430358062;1116.838430358062;4573.3;0.0;8300.0;0.0;0.0;18662.0;-9673.216804623124;-9293.76;-379.45680462312396;0.0;17169.93;-3241.6599051998073;2589.7472503802774
122;6;289;78.97148597328543;69999.99593013558;14580.182787346776;17169.93;14580.182787346776;749.0709323050236;2792.8796582602117;2792.8796582602117;7370.395427668841;10670.46469872711;10670.46469872711;0.0;1116.838430358062;1116.838430358062;4415.6;0.0;8300.0;0.0;0.0;18662.0;-9387.580619368877;-9019.199999999999;-368.3806193688787;0.0;17169.93;-3147.48739503166;2589.7472503802774
123;6;289;78.52121816129637;69999.99593013558;14580.182787346776;17169.93;14580.182787346776;735.0074149180606;2792.8796582602117;2792.8796582602117;7314.31316988258;10670.46469872711;10670.46469872711;0.0;1116.838430358062;1116.838430358062;4296.526921799999;0.0;8300.0;0.0;0.0;18662.0;-9233.743846669518;-8871.359999999999;-362.38384666952055;0.0;17169.93;-3112.104994334196;2589.7472503802774
124;6;289;78.78267910533943;69999.99593013558;14580.182787346776;17169.93;14580.182787346776;743.1680894064178;2792.8796582602117;2792.8796582602117;7346.722629066324;10670.46469872711;10670.46469872711;0.0;1116.838430358062;1116.838430358062;4234.2769218;0.0;8300.0;0.0;0.0;18662.0;-9160.777194034752;-8801.279999999999;-359.49719403475257;0.0;17169.93;-3163.392215072755;2589.7472503802774
125;6;289;78.68365983522453;69999.99593013558;14580.182787346776;17169.93;14580.182787346776;740.0903950821272;2792.8796582602117;2792.8796582602117;7334.801153269385;10670.46469872711;10670.46469872711;0.0;1116.838430358062;1116.838430358062;4171.7076955;0.0;8300.0;0.0;0.0;18662.0;-9166.781555174743;-8807.039999999999;-359.74155517474435;0.0;17169.93;-3079.818732391721;2589.7472503802774
126;6;289;80.76082539009971;69999.99593013558;14580.182787346776;17169.93;14580.182787346776;804.9743130731215;2792.8796582602117;2792.8796582602117;7593.694009647216;10670.46469872711;10670.46469872711;0.0;1116.838430358062;1116.838430358062;4132.7615391;0.0;8300.0;0.0;0.0;18662.0;-9312.473078272404;-8947.199999999999;-365.27307827240554;0.0;17169.93;-3218.959024591419;2589.7472503802774
127;6;289;82.45776616406653;69999.99593013558;14580.182787346776;17169.93;14580.182787346776;858.0443283394708;2792.8796582602117;2792.8796582602117;7806.923276423986;10670.46469872711;10670.46469872711;0.0;1116.838430358062;1116.838430358062;4168.1961564;0.0;8300.0;0.0;0.0;18662.0;-9820.895223319263;-9435.84;-385.05522331926244;0.0;17169.93;-3012.2690108649836;2589.7472503802774
128;6;289;85.58705542233518;69999.99593013558;14580.182787346776;17169.93;14580.182787346776;955.8033940049786;2792.8796582602117;2792.8796582602117;8197.229836130206;10670.46469872711;10670.46469872711;0.0;1116.838430358062;1116.838430358062;4181.6038436;0.0;8300.0;0.0;0.0;18662.0;-10169.28893810609;-9770.88;-398.40893810609174;0.0;17169.93;-3165.349967830804;2589.7472503802774
129;6;289;82.91269441070678;69999.99593013558;14580.182787346776;17169.93;14580.182787346776;872.2333162101837;2792.8796582602117;2792.8796582602117;7863.0360901846;10670.46469872711;10670.46469872711;0.0;1116.838430358062;1116.838430358062;4104.9884609;0.0;8300.0;91.4438;0.0;18662.0;-9775.887811975997;-9392.64;-383.2478119759987;0.0;17169.93;-3155.815526287328;2589.7472503802774
130;6;289;73.90717781426947;69999.99593013558;14580.182787346776;17169.93;14580.182787346776;590.8493595102719;2792.8796582602117;2792.8796582602117;6738.397001822073;10670.46469872711;10670.46469872711;0.0;1116.838430358062;1116.838430358062;3849.9230782;0.0;8300.0;1125.3186;0.0;18662.0;-8804.488038567473;-8458.56;-345.92803856747327;0.0;17169.93;-3499.999999997184;2589.7472503802774
131;6;289;57.008625551043544;69999.99593013558;14580.182787346776;17169.93;14580.182787346776;62.769549421171924;2792.8796582602117;2792.8796582602117;4626.078189829784;10670.46469872711;10670.46469872711;0.0;1116.838430358062;1116.838430358062;3608.2653827;0.0;8300.0;3175.3393;0.0;18662.0;-7972.452421933627;-7657.92;-314.53242193362706;0.0;17169.93;-3499.999999999938;2589.7472503802774
132;6;289;43.68407089451448;69999.99593013558;14580.182787346776;17169.93;14580.182787346776;0.0;2792.8796582602117;2792.8796582602117;2960.5088618129516;10670.46469872711;10670.46469872711;0.0;1116.838430358062;1116.838430358062;3355.7538436;0.0;8300.0;4848.387599999999;0.0;18662.0;-7664.650305413017;-7361.28;-303.37030541301726;0.0;17169.93;-3499.9999999999686;2589.7472503802774
133;6;289;32.51383154070182;69999.99593013558;14580.182787346776;17169.93;14580.182787346776;0.0;2792.8796582602117;2792.8796582602117;1564.2289425868494;10670.46469872711;10670.46469872711;0.0;1116.838430358062;1116.838430358062;3024.0730781999996;0.0;8300.0;6349.27895;0.0;18662.0;-7437.580970786898;-7142.4;-295.18097078689897;0.0;17169.93;-3499.999999999985;2589.7472503802774
134;6;289;31.09965420725204;69999.99593013558;14580.182787346776;17169.93;14580.182787346776;0.0;2792.8796582602117;2792.8796582602117;1387.4567759058305;10670.46469872711;10670.46469872711;0.0;1116.838430358062;1116.838430358062;2737.7230782;0.0;8300.0;6974.45595;0.0;18662.0;-7599.635804105865;-7297.92;-301.7158041058651;0.0;17169.93;-3499.9999999999764;2589.7472503802774
135;6;289;40.641703928662366;69999.99593013558;14580.182787346776;17169.93;14580.182787346776;0.0;2792.8796582602117;2792.8796582602117;2580.2129910820263;10670.46469872711;10670.46469872711;0.0;1116.838430358062;1116.838430358062;2379.2269218;0.0;8300.0;7028.1092;0.0;18662.0;-8487.549112882063;-8151.36;-336.1891128820639;0.0;17169.93;-3499.999999999997;2589.7472503802774
136;6;289;59.53706568749959;69999.99593013558;14580.182787346776;17169.93;14580.182787346776;141.78330357227065;2792.8796582602117;2792.8796582602117;4942.133207367781;10670.46469872711;10670.46469872711;0.0;1116.838430358062;1116.838430358062;1793.7576955;0.0;8300.0;6500.44115;0.0;18662.0;-9878.115356424743;-9488.64;-389.47535642474355;0.0;17169.93;-3499.9999999999673;2589.7472503802774
137;6;289;80.62648862450605;69999.99593013558;14580.182787346776;17169.93;14580.182787346776;800.8277710491337;2792.8796582602117;2792.8796582602117;7578.3110715294515;10670.46469872711;10670.46469872711;0.0;1116.838430358062;1116.838430358062;1295.4384609;0.0;8300.0;5340.1313;0.0;18662.0;-11514.70860345059;-11063.039999999999;-451.6686034505904;0.0;17169.93;-3499.999999999941;2589.7472503802774
138;6;289;99.36755402982672;69999.99593013558;14580.182787346776;17169.93;14580.182787346776;1386.484867157943;2792.8796582602117;2792.8796582602117;9920.713227371043;10670.46469872711;10670.46469872711;0.0;1116.838430358062;1116.838430358062;944.2846173;0.0;8300.0;3603.6322;0.0;18662.0;-12385.680410293457;-11902.08;-483.6004102934563;0.0;17169.93;-3469.4345485365116;2589.7472503802774
139;6;289;120.14634824547134;69999.99593013558;14580.182787346776;17169.93;14580.182787346776;2035.8111111574722;2792.8796582602117;2792.8796582602117;10670.464698727897;10670.46469872711;10670.46469872711;251.8279307415606;1116.838430358062;1116.838430358062;815.9538436;0.0;8300.0;1438.37365;0.0;18662.0;-12497.966083893401;-12012.48;-485.4860838934018;0.0;17169.93;-2714.465610850311;2589.7472503802774
140;6;289;137.91531046123043;69999.99593013558;14580.182787346776;17169.93;14580.182787346776;2591.112945452803;2792.8796582602117;2792.8796582602117;10670.46469872794;10670.46469872711;10670.46469872711;473.9424819547044;1116.838430358062;1116.838430358062;745.7230782;0.0;8300.0;68.1163;0.0;18662.0;-12049.359141292482;-11583.359999999999;-465.9991412924836;0.0;17169.93;-2500.0000000000177;2589.7472503802774
141;6;289;125.04935124287158;69999.99593013558;14580.182787346776;17169.93;14580.182787346776;2189.0517209111003;2792.8796582602117;2792.8796582602117;10670.464698727934;10670.46469872711;10670.46469872711;313.1179918451911;1116.838430358062;1116.838430358062;792.0115390999999;0.0;8300.0;0.0;0.0;18662.0;-11464.645587500336;-11019.84;-444.80558750033646;0.0;17169.93;-2500.000000000026;2589.7472503802774
142;6;289;105.1409530103422;69999.99593013558;14580.182787346776;17169.93;14580.182787346776;1566.9047883449218;2792.8796582602117;2792.8796582602117;10642.619091190907;10670.46469872711;10670.46469872711;64.26191312327214;1116.838430358062;1116.838430358062;1114.7538436;0.0;8300.0;0.0;0.0;18662.0;-10888.539636122621;-10464.0;-424.53963612262055;0.0;17169.93;-2500.000000000065;2589.7472503802774
143;6;289;99.05255037445308;69999.99593013558;14580.182787346776;17169.93;14580.182787346776;1376.6422013510228;2792.8796582602117;2792.8796582602117;9881.568787648957;10670.46469872711;10670.46469872711;0.0;1116.838430358062;1116.838430358062;1533.5846173;0.0;8300.0;0.0;0.0;18662.0;-10291.795606260408;-9889.92;-401.8756062604086;0.0;17169.93;-2500.0000000000555;2589.7472503802774
144;6;289;93.54493122525271;69999.99593013558;14580.182787346776;17169.93;14580.182787346776;1204.5291025564072;2792.8796582602117;2792.8796582602117;9193.116395627232;10670.46469872711;10670.46469872711;0.0;1116.838430358062;1116.838430358062;1982.1038436;0.0;8300.0;0.0;0.0;18662.0;-9879.749341751074;-9493.44;-386.30934175107416;0.0;17169.93;-2500.0000000000646;2589.7472503802774
145;7;338;104.71980301740749;69999.99593013558;14580.182787346776;17169.93;14580.182787346776;1553.7395757845582;2792.8796582602117;2792.8796582602117;10589.602850032585;10670.46469872711;10670.46469872711;58.99704043933647;1116.838430358062;1116.838430358062;1950.8192346;0.0;8300.0;0.0;0.0;18662.0;-11062.403327907856;-10631.039999999999;-431.3633279078561;0.0;17169.93;-3090.755535459781;2589.7472503802774
146;7;338;100.09065323457885;69999.99593013558;14580.182787346776;17169.93;14580.182787346776;1409.0787998167605;2792.8796582602117;2792.8796582602117;10011.030844395726;10670.46469872711;10670.46469872711;1.132685373236061;1116.838430358062;1116.838430358062;1992.0;0.0;8300.0;0.0;0.0;18662.0;-10478.501490368242;-10069.44;-409.0614903682411;0.0;17169.93;-2934.740996189851;2589.7472503802774
147;7;338;97.30183538032739;69999.99593013558;14580.182787346776;17169.93;14580.182787346776;1321.929387124344;2792.8796582602117;2792.8796582602117;9662.61174707748;10670.46469872711;10670.46469872711;0.0;1116.838430358062;1116.838430358062;1872.6076955;0.0;8300.0;0.0;0.0;18662.0;-10232.034345332075;-9832.32;-399.71434533207486;0.0;17169.93;-2625.1145928808;2589.7472503802774
148;7;338;95.91343621601564;69999.99593013558;14580.182787346776;17169.93;14580.182787346776;1278.5437080365355;2792.8796582602117;2792.8796582602117;9489.184509915143;10670.46469872711;10670.46469872711;0.0;1116.838430358062;1116.838430358062;1866.5423045;0.0;8300.0;0.0;0.0;18662.0;-10134.270540894686;-9738.24;-396.03054089468606;0.0;17169.93;-2500.0000023908683;2589.7472503802774
149;7;338;95.61431545144065;69999.99593013558;14580.182787346776;17169.93;14580.182787346776;1269.197261397926;2792.8796582602117;2792.8796582602117;9451.789842397036;10670.46469872711;10670.46469872711;0.0;1116.838430358062;1116.838430358062;1855.3692346;0.0;8300.0;0.0;0.0;18662.0;-10076.356340132266;-9682.56;-393.7963401322676;0.0;17169.93;-2500.00000001589;2589.7472503802774
150;7;338;96.07509261260235;69999.99593013558;14580.182787346776;17169.93;14580.182787346776;1283.5964190348875;2792.8796582602117;2792.8796582602117;9509.387533920006;10670.46469872711;10670.46469872711;0.0;1116.838430358062;1116.838430358062;1850.2615391;0.0;8300.0;0.0;0.0;18662.0;-10143.245495821075;-9746.88;-396.3654958210752;0.0;17169.93;-2500.0000002430643;2589.7472503802774
151;7;338;98.17820866922914;69999.99593013558;14580.182787346776;17169.93;14580.182787346776;1349.316603142534;2792.8796582602117;2792.8796582602117;9772.123202157445;10670.46469872711;10670.46469872711;0.0;1116.838430358062;1116.838430358062;1867.1807654;0.0;8300.0;0.0;0.0;18662.0;-10327.850336215695;-9924.48;-403.37033621569566;0.0;17169.93;-2660.770323880188;2589.7472503802774
152;7;338;101.47152869820611;69999.99593013558;14580.182787346776;17169.93;14580.182787346776;1452.2312113251078;2792.8796582602117;2792.8796582602117;10183.66495225244;10670.46469872711;10670.46469872711;18.393634543701694;1116.838430358062;1116.838430358062;1873.5653826999999;0.0;8300.0;0.0;0.0;18662.0;-10834.994396962964;-10412.16;-422.83439696296387;0.0;17169.93;-2692.8609389329013;2589.7472503802774
153;7;338;109.52126076348647;69999.99593013558;14580.182787346776;17169.93;14580.182787346776;1703.7770805780383;2792.8796582602117;2792.8796582602117;10670.464698722202;10670.46469872711;10670.46469872711;119.01433272629869;1116.838430358062;1116.838430358062;1874.8423045000002;0.0;8300.0;0.0;0.0;18662.0;-11625.253912349794;-11172.48;-452.7739123497935;0.0;17169.93;-2742.8449660432134;2589.7472503802774
154;7;338;123.70068541733875;69999.99593013558;14580.182787346776;17169.93;14580.182787346776;2146.8932436144987;2792.8796582602117;2792.8796582602117;10670.46469872794;10670.46469872711;10670.46469872711;296.25819465135334;1116.838430358062;1116.838430358062;1885.0576955000001;0.0;8300.0;7.4648;0.0;18662.0;-12462.564627543397;-11978.88;-483.6846275433981;0.0;17169.93;-2543.5741226199616;2589.7472503802774
155;7;338;128.52397327684213;69999.99593013558;14580.182787346776;17169.93;14580.182787346776;2297.6209925865523;2792.8796582602117;2792.8796582602117;10670.464698727941;10670.46469872711;10670.46469872711;356.54929336780907;1116.838430358062;1116.838430358062;1937.7307653999999;0.0;8300.0;312.5885;0.0;18662.0;-12877.428117927104;-12378.24;-499.18811792710324;0.0;17169.93;-2697.5262496546916;2589.7472503802774
156;7;338;124.15435026293927;69999.99593013558;14580.182787346776;17169.93;14580.182787346776;2161.0702731450524;2792.8796582602117;2792.8796582602117;10670.46469872794;10670.46469872711;10670.46469872711;301.9290056666929;1116.838430358062;1116.838430358062;2014.9846173;0.0;8300.0;991.4187499999999;0.0;18662.0;-13088.729571424394;-12580.8;-507.9295714243947;0.0;17169.93;-3051.13789092489;2589.7472503802774
157;7;338;124.77816218662056;69999.99593013558;14580.182787346776;17169.93;14580.182787346776;2180.564395648109;2792.8796582602117;2792.8796582602117;10670.46469872794;10670.46469872711;10670.46469872711;309.7266547013198;1116.838430358062;1116.838430358062;2116.1807654;0.0;8300.0;1463.1008;0.0;18662.0;-13474.166177138357;-12951.359999999999;-522.806177138358;0.0;17169.93;-3265.8712548541944;2589.7472503802774
158;7;338;119.92296009675208;69999.99593013558;14580.182787346776;17169.93;14580.182787346776;2028.830062448914;2792.8796582602117;2792.8796582602117;10670.464698727938;10670.46469872711;10670.46469872711;249.0355626239519;1116.838430358062;1116.838430358062;2254.0884609000004;0.0;8300.0;1742.56425;0.0;18662.0;-13556.722852748371;-13030.08;-526.6428527483722;0.0;17169.93;-3388.260647372908;2589.7472503802774
159;7;338;117.97036669426114;69999.99593013558;14580.182787346776;17169.93;14580.182787346776;1967.811519858172;2792.8796582602117;2792.8796582602117;10670.464698727934;10670.46469872711;10670.46469872711;224.62814521604727;1116.838430358062;1116.838430358062;2368.6923045;0.0;8300.0;1676.31415;0.0;18662.0;-13584.954846540928;-13056.96;-527.9948465409283;0.0;17169.93;-3322.956437143941;2589.7472503802774
160;7;338;124.06740704554399;69999.99593013558;14580.182787346776;17169.93;14580.182787346776;2158.353297944446;2792.8796582602117;2792.8796582602117;10670.46469872794;10670.46469872711;10670.46469872711;300.84221548954196;1116.838430358062;1116.838430358062;2402.5307654000003;0.0;8300.0;1310.5389499999999;0.0;18662.0;-13653.039984443303;-13123.199999999999;-529.8399844433035;0.0;17169.93;-3189.690060617162;2589.7472503802774
161;7;338;141.02929927940465;69999.99593013558;14580.182787346776;17169.93;14580.182787346776;2688.4124302229834;2792.8796582602117;2792.8796582602117;10670.464698727945;10670.46469872711;10670.46469872711;512.8658684111352;1116.838430358062;1116.838430358062;2445.9461564000003;0.0;8300.0;927.0348499999999;0.0;18662.0;-14055.150125084267;-13512.0;-543.1501250842658;0.0;17169.93;-3189.5739961786553;2589.7472503802774
162;7;338;189.3559814115843;69999.99593013558;14580.182787346776;17169.93;14580.182787346776;2792.8796582607006;2792.8796582602117;2792.8796582602117;10670.464698727948;10670.46469872711;10670.46469872711;1116.8378758885253;1116.838430358062;1116.838430358062;2512.0269218;0.0;8300.0;392.8351;0.0;18662.0;-14666.176027198371;-14106.24;-559.936027198371;0.0;17169.93;-2818.86878194387;2589.7472503802774
163;7;338;195.55261280223866;69999.99593013558;14580.182787346776;17169.93;14580.182787346776;2792.879658260701;2792.8796582602117;2792.8796582602117;10670.464698727948;10670.46469872711;10670.46469872711;1116.8384303578523;1116.838430358062;1116.838430358062;2576.8307654;0.0;8300.0;29.8592;0.0;18662.0;-14465.656604300446;-13914.24;-551.4166043004465;0.0;17169.93;-2721.2161484448857;2589.7472503802774
164;7;338;178.34166289626506;69999.99593013558;14580.182787346776;17169.93;14580.182787346776;2792.8796582607006;2792.8796582602117;2792.8796582602117;10670.464698727948;10670.46469872711;10670.46469872711;979.2697434615675;1116.838430358062;1116.838430358062;2639.7192346;0.0;8300.0;0.0;0.0;18662.0;-14051.89484127444;-13513.92;-537.9748412744387;0.0;17169.93;-3030.438845170112;2589.7472503802774
165;7;338;155.3877595115621;69999.99593013558;14580.182787346776;17169.93;14580.182787346776;2792.8796582606997;2792.8796582602117;2792.8796582602117;10670.464698727947;10670.46469872711;10670.46469872711;692.3459510232275;1116.838430358062;1116.838430358062;2651.5307654;0.0;8300.0;0.0;0.0;18662.0;-13591.847061546066;-13068.48;-523.3670615460663;0.0;17169.93;-3215.3743633021704;2589.7472503802774
166;7;338;136.98941473606922;69999.99593013558;14580.182787346776;17169.93;14580.182787346776;2562.1660381402303;2792.8796582602117;2792.8796582602117;10670.464698727945;10670.46469872711;10670.46469872711;462.36731160594627;1116.838430358062;1116.838430358062;2517.4538436000003;0.0;8300.0;0.0;0.0;18662.0;-13024.133839561024;-12520.32;-503.81383956102445;0.0;17169.93;-3188.318170013769;2589.7472503802774
167;7;338;125.82118696245529;69999.99593013558;14580.182787346776;17169.93;14580.182787346776;2213.1589201248707;2792.8796582602117;2792.8796582602117;10670.464698727941;10670.46469872711;10670.46469872711;322.76446442576923;1116.838430358062;1116.838430358062;2367.4153827;0.0;8300.0;0.0;0.0;18662.0;-12310.491279576863;-11832.96;-477.531279576865;0.0;17169.93;-3263.3123039023544;2589.7472503802774
168;7;338;116.1788035291257;69999.99593013558;14580.182787346776;17169.93;14580.182787346776;1911.8251579487433;2792.8796582602117;2792.8796582602117;10670.464698727932;10670.46469872711;10670.46469872711;202.23360440955375;1116.838430358062;1116.838430358062;2220.5692345999996;0.0;8300.0;0.0;0.0;18662.0;-11560.553461946547;-11111.039999999999;-449.5134619465485;0.0;17169.93;-3444.5396994895077;2589.7472503802774
169;8;361;81.90804421331588;69999.99593013558;14580.182787346776;17169.93;14580.182787346776;840.8612625618662;2792.8796582602117;2792.8796582602117;7738.091583908387;10670.46469872711;10670.46469872711;0.0;1116.838430358062;1116.838430358062;4984.4692346;0.0;8300.0;0.0;0.0;18662.0;-10540.359516179496;-10127.039999999999;-413.31951617949835;0.0;17169.93;-3023.063223124917;2589.7472503802774
170;8;361;79.02518614027164;69999.99593013558;14580.182787346776;17169.93;14580.182787346776;750.7582676523928;2792.8796582602117;2792.8796582602117;7377.359904154033;10670.46469872711;10670.46469872711;0.0;1116.838430358062;1116.838430358062;5007.4538436;0.0;8300.0;0.0;0.0;18662.0;-10044.056380586162;-9649.92;-394.1363805861629;0.0;17169.93;-3091.5168885483845;2589.7472503802774
171;8;361;76.90749667121253;69999.99593013558;14580.182787346776;17169.93;14580.182787346776;684.5738946849857;2792.8796582602117;2792.8796582602117;7112.468707200025;10670.46469872711;10670.46469872711;0.0;1116.838430358062;1116.838430358062;5101.3076955;0.0;8300.0;0.0;0.0;18662.0;-9776.475361306746;-9392.64;-383.83536130674685;0.0;17169.93;-3121.8764761025177;2589.7472503802774
172;8;361;76.77663075622101;69999.99593013558;14580.182787346776;17169.93;14580.182787346776;680.4832494922947;2792.8796582602117;2792.8796582602117;7096.080760117967;10670.46469872711;10670.46469872711;0.0;1116.838430358062;1116.838430358062;4995.6423045;0.0;8300.0;0.0;0.0;18662.0;-9642.591045755733;-9264.0;-378.5910457557323;0.0;17169.93;-3129.6168556235307;2589.7472503802774
173;8;361;78.2208512496751;69999.99593013558;14580.182787346776;17169.93;14580.182787346776;725.6038664312786;2792.8796582602117;2792.8796582602117;7276.299762119944;10670.46469872711;10670.46469872711;0.0;1116.838430358062;1116.838430358062;4889.3384609;0.0;8300.0;0.0;0.0;18662.0;-9702.404742995033;-9321.6;-380.8047429950321;0.0;17169.93;-3188.839424465125;2589.7472503802774
174;8;361;81.28139562631003;69999.99593013558;14580.182787346776;17169.93;14580.182787346776;821.2565230828752;2792.8796582602117;2792.8796582602117;7659.159158099343;10670.46469872711;10670.46469872711;0.0;1116.838430358062;1116.838430358062;4664.9192346;0.0;8300.0;0.0;0.0;18662.0;-10006.85965834279;-9614.4;-392.4596583427904;0.0;17169.93;-3138.47687208096;2589.7472503802774
175;8;361;87.03129811995989;69999.99593013558;14580.182787346776;17169.93;14580.182787346776;1001.0171127634975;2792.8796582602117;2792.8796582602117;8379.980809945393;10670.46469872711;10670.46469872711;0.0;1116.838430358062;1116.838430358062;4169.7923045;0.0;8300.0;0.0;0.0;18662.0;-10792.598890366848;-10369.92;-422.67889036684704;0.0;17169.93;-2758.1896372388915;2589.7472503802774
176;8;361;95.09702960891373;69999.99593013558;14580.182787346776;17169.93;14580.182787346776;1253.032173112709;2792.8796582602117;2792.8796582602117;9387.128710343704;10670.46469872711;10670.46469872711;0.0;1116.838430358062;1116.838430358062;3614.65;0.0;8300.0;0.0;0.0;18662.0;-11754.810883495795;-11295.359999999999;-459.4508834957958;0.0;17169.93;-2500.0000000001405;2589.7472503802774
177;8;361;104.81247418539053;69999.99593013558;14580.182787346776;17169.93;14580.182787346776;1556.639824055196;2792.8796582602117;2792.8796582602117;10601.559243306658;10670.46469872711;10670.46469872711;60.15592773774438;1116.838430358062;1116.838430358062;3081.2153827;0.0;8300.0;0.0;0.0;18662.0;-12799.570377683487;-12300.48;-499.09037768348725;0.0;17169.93;-2500.0000000000437;2589.7472503802774
178;8;361;117.11122651646014;69999.99593013558;14580.182787346776;17169.93;14580.182787346776;1940.9853204402177;2792.8796582602117;2792.8796582602117;10670.464698727932;10670.46469872711;10670.46469872711;213.89143244317094;1116.838430358062;1116.838430358062;2712.5038436;0.0;8300.0;1.8662;0.0;18662.0;-13039.711132237222;-12532.8;-506.91113223722203;0.0;17169.93;-2500.0000000000136;2589.7472503802774
179;8;361;104.12955207855214;69999.99593013558;14580.182787346776;17169.93;14580.182787346776;1535.2985080398998;2792.8796582602117;2792.8796582602117;10516.193980868107;10670.46469872711;10670.46469872711;51.61940138948608;1116.838430358062;1116.838430358062;2394.2307654;0.0;8300.0;443.68905;0.0;18662.0;-12441.031705584943;-11955.84;-485.1917055849423;0.0;17169.93;-2500.000000000052;2589.7472503802774
180;8;361;91.98643218224159;69999.99593013558;14580.182787346776;17169.93;14580.182787346776;1155.915980014293;2792.8796582602117;2792.8796582602117;9000.76638309754;10670.46469872711;10670.46469872711;0.0;1116.838430358062;1116.838430358062;2212.2692346;0.0;8300.0;2175.0561000000002;0.0;18662.0;-12032.921182725157;-11562.24;-470.68118272515636;0.0;17169.93;-2511.082598480109;2589.7472503802774
181;8;361;85.46158546288935;69999.99593013558;14580.182787346776;17169.93;14580.182787346776;951.9264539105314;2792.8796582602117;2792.8796582602117;8182.690071250421;10670.46469872711;10670.46469872711;0.0;1116.838430358062;1116.838430358062;2275.4769217999997;0.0;8300.0;4197.55035;0.0;18662.0;-12107.643765337198;-11633.279999999999;-474.3637653371993;0.0;17169.93;-3499.9999973723925;2589.7472503802774
182;8;361;81.71141781524929;69999.99593013558;14580.182787346776;17169.93;14580.182787346776;834.7318131638762;2792.8796582602117;2792.8796582602117;7713.927199472229;10670.46469872711;10670.46469872711;0.0;1116.838430358062;1116.838430358062;2383.0576955;0.0;8300.0;4942.16415;0.0;18662.0;-12373.880858018423;-11888.64;-485.24085801842426;0.0;17169.93;-3499.9999999998427;2589.7472503802774
183;8;361;85.29315660451779;69999.99593013558;14580.182787346776;17169.93;14580.182787346776;946.5739900964242;2792.8796582602117;2792.8796582602117;8159.25910431092;10670.46469872711;10670.46469872711;0.0;1116.838430358062;1116.838430358062;2531.1807654;0.0;8300.0;4651.03695;0.0;18662.0;-12889.996300267268;-12384.96;-505.03630026727006;0.0;17169.93;-3398.0583034900624;2589.7472503802774
184;8;361;90.46429965186088;69999.99593013558;14580.182787346776;17169.93;14580.182787346776;1108.296405753489;2792.8796582602117;2792.8796582602117;8809.051090301002;10670.46469872711;10670.46469872711;0.0;1116.838430358062;1116.838430358062;2760.0692345999996;0.0;8300.0;3513.58805;0.0;18662.0;-13411.856085477602;-12887.039999999999;-524.8160854776042;0.0;17169.93;-2779.147082847093;2589.7472503802774
185;8;361;96.69847095901194;69999.99593013558;14580.182787346776;17169.93;14580.182787346776;1303.077212697495;2792.8796582602117;2792.8796582602117;9587.30889021601;10670.46469872711;10670.46469872711;0.0;1116.838430358062;1116.838430358062;3017.0499999999997;0.0;8300.0;2770.84045;0.0;18662.0;-14178.276553000609;-13624.32;-553.9565530006088;0.0;17169.93;-2500.000000000169;2589.7472503802774
186;8;361;119.11340971090065;69999.99593013558;14580.182787346776;17169.93;14580.182787346776;2003.5535414816802;2792.8796582602117;2792.8796582602117;10670.464698727934;10670.46469872711;10670.46469872711;238.9187219339571;1116.838430358062;1116.838430358062;3403.9576954999998;0.0;8300.0;1373.98975;0.0;18662.0;-15190.88404481929;-14600.64;-590.2440448192904;0.0;17169.93;-2500.0000000000036;2589.7472503802774
187;8;361;123.15570409432428;69999.99593013558;14580.182787346776;17169.93;14580.182787346776;2129.8752418438244;2792.8796582602117;2792.8796582602117;10670.464698727938;10670.46469872711;10670.46469872711;289.4474018289801;1116.838430358062;1116.838430358062;4035.7153827;0.0;8300.0;64.3839;0.0;18662.0;-14689.88626224165;-14119.68;-570.2062622416491;0.0;17169.93;-2499.999999999998;2589.7472503802774
188;8;361;102.97878497436207;69999.99593013558;14580.182787346776;17169.93;14580.182787346776;1499.3370359698415;2792.8796582602117;2792.8796582602117;10372.348093170705;10670.46469872711;10670.46469872711;37.23481258271611;1116.838430358062;1116.838430358062;4626.6115391;0.0;8300.0;0.0;0.0;18662.0;-14035.531480712001;-13488.0;-547.531480712001;0.0;17169.93;-2500.0000000000477;2589.7472503802774
189;8;361;95.68690445320138;69999.99593013558;14580.182787346776;17169.93;14580.182787346776;1271.4657661009621;2792.8796582602117;2792.8796582602117;9460.86304838809;10670.46469872711;10670.46469872711;0.0;1116.838430358062;1116.838430358062;5133.8692346;0.0;8300.0;0.0;0.0;18662.0;-13366.198049053384;-12843.84;-522.3580490533849;0.0;17169.93;-2500.0000000000523;2589.7472503802774
190;8;361;88.56245336398112;69999.99593013558;14580.182787346776;17169.93;14580.182787346776;1048.8266689350214;2792.8796582602117;2792.8796582602117;8570.306664911983;10670.46469872711;10670.46469872711;0.0;1116.838430358062;1116.838430358062;5569.6192346;0.0;8300.0;0.0;0.0;18662.0;-12688.75256842279;-12192.0;-496.75256842278986;0.0;17169.93;-2500.0000000000828;2589.7472503802774
191;8;361;82.20228858533542;69999.99593013558;14580.182787346776;17169.93;14580.182787346776;850.139061815113;2792.8796582602117;2792.8796582602117;7777.134563849017;10670.46469872711;10670.46469872711;0.0;1116.838430358062;1116.838430358062;5952.057695500001;0.0;8300.0;0.0;0.0;18662.0;-11986.1390348622;-11516.16;-469.97903486220054;0.0;17169.93;-2593.189346197043;2589.7472503802774
192;8;361;78.8957653458009;69999.99593013558;14580.182787346776;17169.93;14580.182787346776;746.7276236691188;2792.8796582602117;2792.8796582602117;7361.558811590824;10670.46469872711;10670.46469872711;0.0;1116.838430358062;1116.838430358062;6225.3192346000005;0.0;8300.0;0.0;0.0;18662.0;-11335.050059859717;-10890.24;-444.81005985971814;0.0;17169.93;-2998.55626493271;2589.7472503802774
