Design;Contract;Exporter;Importer;Timestep;Weight_h;Strike_K_EUR_per_MWh;Capacity_MW;P_Exporter_EUR_per_MWh;P_Importer_EUR_per_MWh;Category;Category_Label;HedgeRequirement_EUR_per_h;RO_Repayment_EUR_per_h;HedgeShortfall_EUR_per_h;ShortfallType;CR_Alloc_EUR_per_h;FTRlike_Omega_EUR_per_h;OmegaType;Shortfall_Exists;Shortfall_Hedged;Shortfall_Covered_EUR_per_h;Shortfall_Uncovered_EUR_per_h;Shortfall_Coverage_Ratio;Weighted_Delta_EUR;Weighted_CR_Alloc_EUR;Weighted_Omega_EUR;Weighted_Covered_EUR;Weighted_Uncovered_EUR
FBMC;A→B;A;B;7;43.53428519818616;320.0;5630.772836562952;342.38879341695247;120.49353371413214;3;Cat 3 — Scarcity in exporting zone only;0.0;126066.20981559539;-126066.20981559539;Over-compensated;-1.2494418008967226e6;-1.1233755910811273e6;Deficit (CR^alloc < Δ);false;false;0.0;0.0;NaN;-5.488202331966505e6;-5.439355569877325e7;-4.890535336680675e7;0.0;0.0
FBMC;A→B;A;B;8;43.53428519818616;320.0;5630.772836562952;455.7756921861856;155.38835225111575;3;Cat 3 — Scarcity in exporting zone only;0.0;764522.0794275065;-764522.0794275065;Over-compensated;-1.691412874153793e6;-926890.7947262865;Deficit (CR^alloc < Δ);false;false;0.0;0.0;NaN;-3.3282922246107403e7;-7.363445045129499e7;-4.035152820518758e7;0.0;0.0
FBMC;A→B;A;B;9;43.53428519818616;320.0;5630.772836562952;787.8607820855106;384.776040058711;2;Cat 2 — Scarcity in both zones;364739.1668227034;2.634417783060191e6;-2.2696786162374876e6;Over-compensated;-2.269678616237488e6;-4.656612873077393e-10;Exactly funded;false;false;0.0;0.0;NaN;-9.88088361875073e7;-9.880883618750733e7;-2.0272231287409627e-8;0.0;0.0
FBMC;A→B;A;B;10;43.53428519818616;320.0;5630.772836562952;1060.2009694560754;370.90761034662825;2;Cat 2 — Scarcity in both zones;286649.1895141254;4.1679035124108326e6;-3.8812543228967073e6;Over-compensated;-3.881254322896708e6;-4.656612873077393e-10;Exactly funded;false;false;0.0;0.0;NaN;-1.6896763261967817e8;-1.689676326196782e8;-2.0272231287409627e-8;0.0;0.0
FBMC;A→B;A;B;11;43.53428519818616;320.0;5630.772836562952;773.1317569593015;151.95153854986094;3;Cat 3 — Scarcity in exporting zone only;0.0;2.55148198847048e6;-2.55148198847048e6;Over-compensated;-3.4977247004301194e6;-946242.7119596396;Deficit (CR^alloc < Δ);false;false;0.0;0.0;NaN;-1.11076944564109e8;-1.5227094465326506e8;-4.119400008915607e7;0.0;0.0
FBMC;A→B;A;B;12;43.53428519818616;320.0;5630.772836562952;1005.4369102560107;137.1239100313026;3;Cat 3 — Scarcity in exporting zone only;0.0;3.859539535447183e6;-3.859539535447183e6;Over-compensated;-4.8892732552997675e6;-1.0297337198525844e6;Deficit (CR^alloc < Δ);false;false;0.0;0.0;NaN;-1.680222948698326e8;-2.1285101630808413e8;-4.482872143825154e7;0.0;0.0
FBMC;A→B;A;B;13;43.53428519818616;320.0;5630.772836562952;600.2753258461962;116.03331039064939;3;Cat 3 — Scarcity in exporting zone only;0.0;1.5781666915335918e6;-1.5781666915335918e6;Over-compensated;-2.7266567869495903e6;-1.1484900954159985e6;Deficit (CR^alloc < Δ);false;false;0.0;0.0;NaN;-6.870435883950128e7;-1.1870305420063339e8;-4.9998695361132115e7;0.0;0.0
FBMC;A→B;A;B;14;43.53428519818616;320.0;5630.772836562952;550.7757774470186;111.51778432447685;3;Cat 3 — Scarcity in exporting zone only;0.0;1.2994459789853697e6;-1.2994459789853697e6;Over-compensated;-2.4733619759175642e6;-1.1739159969321946e6;Deficit (CR^alloc < Δ);false;false;0.0;0.0;NaN;-5.65704518487853e7;-1.076760456579445e8;-5.110559380915919e7;0.0;0.0
FBMC;A→B;A;B;15;43.53428519818616;320.0;5630.772836562952;538.2601274493695;105.08895657726266;3;Cat 3 — Scarcity in exporting zone only;0.0;1.2289731969466778e6;-1.2289731969466778e6;Over-compensated;-2.4390884625288285e6;-1.2101152655821508e6;Deficit (CR^alloc < Δ);false;false;0.0;0.0;NaN;-5.350246965680328e7;-1.0618397275133543e8;-5.268150309453214e7;0.0;0.0
FBMC;A→B;A;B;16;43.53428519818616;320.0;5630.772836562952;503.09340152468116;103.83925313747717;3;Cat 3 — Scarcity in exporting zone only;0.0;1.0309573518590884e6;-1.0309573518590884e6;Over-compensated;-2.2481094136237423e6;-1.2171520617646538e6;Deficit (CR^alloc < Δ);false;false;0.0;0.0;NaN;-4.4881991383000314e7;-9.786983636942306e7;-5.298784498642273e7;0.0;0.0
FBMC;A→B;A;B;17;43.53428519818616;320.0;5630.772836562952;474.5968649131002;108.71438427952818;3;Cat 3 — Scarcity in exporting zone only;0.0;870499.8275704767;-870499.8275704767;Over-compensated;-2.0602011333257875e6;-1.1897013057553107e6;Deficit (CR^alloc < Δ);false;false;0.0;0.0;NaN;-3.789658775842501e7;-8.968938370383118e7;-5.179279594540617e7;0.0;0.0
FBMC;A→B;A;B;18;43.53428519818616;320.0;5630.772836562952;511.70759923208846;123.77327984030941;3;Cat 3 — Scarcity in exporting zone only;0.0;1.0794619423187403e6;-1.0794619423187403e6;Over-compensated;-2.1843700280017657e6;-1.1049080856830254e6;Deficit (CR^alloc < Δ);false;false;0.0;0.0;NaN;-4.699360405749202e7;-9.509498777739877e7;-4.810138371990674e7;0.0;0.0
FBMC;A→B;A;B;19;43.53428519818616;320.0;5630.772836562952;528.5077627342433;124.11014750197997;3;Cat 3 — Scarcity in exporting zone only;0.0;1.1740598466164903e6;-1.1740598466164903e6;Over-compensated;-2.277071107020665e6;-1.1030112604041747e6;Deficit (CR^alloc < Δ);false;false;0.0;0.0;NaN;-5.111185620234099e7;-9.913066298958711e7;-4.801880678724612e7;0.0;0.0
FBMC;A→B;A;B;20;43.53428519818616;320.0;5630.772836562952;451.9670195405026;117.19489620256797;3;Cat 3 — Scarcity in exporting zone only;0.0;743076.3089508342;-743076.3089508342;Over-compensated;-1.8850257785297444e6;-1.1419494695789102e6;Deficit (CR^alloc < Δ);false;false;0.0;0.0;NaN;-3.2349295957881108e7;-8.20632498484468e7;-4.9713953890565686e7;0.0;0.0
FBMC;A→B;A;B;21;43.53428519818616;320.0;5630.772836562952;368.64739990881293;101.36959477167974;3;Cat 3 — Scarcity in exporting zone only;0.0;273922.4579759589;-273922.4579759589;Over-compensated;-1.5049806049823356e6;-1.2310581470063766e6;Deficit (CR^alloc < Δ);false;false;0.0;0.0;NaN;-1.1925018407713557e7;-6.551825487503975e7;-5.359323646732619e7;0.0;0.0
FBMC;A→B;A;B;31;46.39698671729721;320.0;5630.772836562952;359.8206553037116;128.1590253456823;3;Cat 3 — Scarcity in exporting zone only;0.0;224221.06421827566;-224221.06421827566;Over-compensated;-1.3044340132415695e6;-1.0802129490232938e6;Deficit (CR^alloc < Δ);false;false;0.0;0.0;NaN;-1.040318173827358e7;-6.052180758595979e7;-5.011862584768621e7;0.0;0.0
FBMC;A→B;A;B;32;46.39698671729721;320.0;5630.772836562952;396.72215045228813;123.00168551185887;3;Cat 3 — Scarcity in exporting zone only;0.0;432005.00072944;-432005.00072944;Over-compensated;-1.541257758797951e6;-1.109252758068511e6;Deficit (CR^alloc < Δ);false;false;0.0;0.0;NaN;-2.00437302806498e7;-7.15097157628798e7;-5.146598548223e7;0.0;0.0
FBMC;A→B;A;B;33;46.39698671729721;320.0;5630.772836562952;381.14515932928043;101.06641585756121;3;Cat 3 — Scarcity in exporting zone only;0.0;344294.502238626;-344294.502238626;Over-compensated;-1.57705978083924e6;-1.232765278600614e6;Deficit (CR^alloc < Δ);false;false;0.0;0.0;NaN;-1.5974227447203986e7;-7.317082170398186e7;-5.719659425677788e7;0.0;0.0
FBMC;A→B;A;B;34;46.39698671729721;320.0;5630.772836562952;377.192217710752;87.39768218700443;3;Cat 3 — Scarcity in exporting zone only;0.0;322036.3859484969;-322036.3859484969;Over-compensated;-1.6317671988114952e6;-1.3097308128629983e6;Deficit (CR^alloc < Δ);false;false;0.0;0.0;NaN;-1.494151792133881e7;-7.570908104897822e7;-6.076756312763941e7;0.0;0.0
FBMC;A→B;A;B;35;46.39698671729721;320.0;5630.772836562952;381.2081304498393;78.35482360184307;3;Cat 3 — Scarcity in exporting zone only;0.0;344649.07831375685;-344649.07831375685;Over-compensated;-1.705298173662962e6;-1.3606490953492052e6;Deficit (CR^alloc < Δ);false;false;0.0;0.0;NaN;-1.5990678708652103e7;-7.912069671247163e7;-6.313001800381954e7;0.0;0.0
FBMC;A→B;A;B;36;46.39698671729721;320.0;5630.772836562952;368.104779341139;71.74687927913064;3;Cat 3 — Scarcity in exporting zone only;0.0;270867.08482294023;-270867.08482294023;Over-compensated;-1.6687240135699948e6;-1.3978569287470547e6;Deficit (CR^alloc < Δ);false;false;0.0;0.0;NaN;-1.2567416536682975e7;-7.742376589244194e7;-6.4856349355758965e7;0.0;0.0
FBMC;A→B;A;B;37;46.39698671729721;320.0;5630.772836562952;343.26906343143617;70.68717120679068;3;Cat 3 — Scarcity in exporting zone only;0.0;131022.81030199108;-131022.81030199108;Over-compensated;-1.5348467144774636e6;-1.4038239041754724e6;Deficit (CR^alloc < Δ);false;false;0.0;0.0;NaN;-6.079063589244432e6;-7.121226262469815e7;-6.513319903545371e7;0.0;0.0
FBMC;A→B;A;B;38;46.39698671729721;320.0;5630.772836562952;331.08690418808055;71.29975509957214;3;Cat 3 — Scarcity in exporting zone only;0.0;62427.83894382;-62427.83894382;Over-compensated;-1.4628024223757028e6;-1.4003745834318828e6;Deficit (CR^alloc < Δ);false;false;0.0;0.0;NaN;-2.8964636142659863e6;-6.786962456099567e7;-6.497316094672968e7;0.0;0.0
FBMC;A→B;A;B;39;46.39698671729721;320.0;5630.772836562952;328.2494813062742;73.5846427867374;3;Cat 3 — Scarcity in exporting zone only;0.0;46450.95525510273;-46450.95525510273;Over-compensated;-1.4339598551634985e6;-1.3875088999083957e6;Deficit (CR^alloc < Δ);false;false;0.0;0.0;NaN;-2.1551843539767684e6;-6.653141635315827e7;-6.43762319991815e7;0.0;0.0
FBMC;A→B;A;B;40;46.39698671729721;320.0;5630.772836562952;327.2442841105952;77.77507475099056;3;Cat 3 — Scarcity in exporting zone only;0.0;40790.91819028391;-40790.91819028391;Over-compensated;-1.4047044476208978e6;-1.3639135294306139e6;Deficit (CR^alloc < Δ);false;false;0.0;0.0;NaN;-1.8925756894609598e6;-6.517405359799511e7;-6.328147790853415e7;0.0;0.0
FBMC;A→B;A;B;41;46.39698671729721;320.0;5630.772836562952;334.6923795668719;83.68760185082763;3;Cat 3 — Scarcity in exporting zone only;0.0;82729.45176961496;-82729.45176961496;Over-compensated;-1.4133508842110238e6;-1.3306214324414087e6;Deficit (CR^alloc < Δ);false;false;0.0;0.0;NaN;-3.838397274884105e6;-6.557522220161914e7;-6.173682492673503e7;0.0;0.0
FBMC;A→B;A;B;42;46.39698671729721;320.0;5630.772836562952;353.00821728707547;90.39872235846266;3;Cat 3 — Scarcity in exporting zone only;0.0;185861.77328343218;-185861.77328343218;Over-compensated;-1.4786944106675491e6;-1.2928326373841169e6;Deficit (CR^alloc < Δ);false;false;0.0;0.0;NaN;-8.623426226284709e6;-6.86069649306839e7;-5.998353870439919e7;0.0;0.0
FBMC;A→B;A;B;43;46.39698671729721;320.0;5630.772836562952;364.73077984381314;98.80056278808478;3;Cat 3 — Scarcity in exporting zone only;0.0;251868.86010282062;-251868.86010282062;Over-compensated;-1.497392642618685e6;-1.2455237825158644e6;Deficit (CR^alloc < Δ);false;false;0.0;0.0;NaN;-1.1685956156691357e7;-6.94745065501577e7;-5.778855039346634e7;0.0;0.0
FBMC;A→B;A;B;44;46.39698671729721;320.0;5630.772836562952;341.56338086161884;113.3201290443271;3;Cat 3 — Scarcity in exporting zone only;0.0;121418.49922006478;-121418.49922006478;Over-compensated;-1.285185902461604e6;-1.1637674032415391e6;Deficit (CR^alloc < Δ);false;false;0.0;0.0;NaN;-5.633452495547507e6;-5.9628753245768666e7;-5.3995300750221156e7;0.0;0.0
FBMC;A→B;A;B;45;46.39698671729721;320.0;5630.772836562952;322.96001458005406;130.69256978066971;3;Cat 3 — Scarcity in exporting zone only;0.0;16667.16969319872;-16667.16969319872;Over-compensated;-1.0826143055317402e6;-1.0659471358385414e6;Deficit (CR^alloc < Δ);false;false;0.0;0.0;NaN;-773306.4508702797;-5.023004155371209e7;-4.945673510284181e7;0.0;0.0
FBMC;A→B;A;B;55;97.11387796395856;320.0;5630.772836562952;327.4541550064942;119.86828590714025;3;Cat 3 — Scarcity in exporting zone only;0.0;41972.6535300973;-41972.6535300973;Over-compensated;-1.1688688729789548e6;-1.1268962194488575e6;Deficit (CR^alloc < Δ);false;false;0.0;0.0;NaN;-4.0761271527453833e6;-1.13513389086348e8;-1.094372619336026e8;0.0;0.0
FBMC;A→B;A;B;56;97.11387796395856;320.0;5630.772836562952;342.86769981510054;109.8204434482715;3;Cat 3 — Scarcity in exporting zone only;0.0;128762.82295354374;-128762.82295354374;Over-compensated;-1.3122361607858634e6;-1.1834733378323196e6;Deficit (CR^alloc < Δ);false;false;0.0;0.0;NaN;-1.2504657074605249e7;-1.2743634237845184e8;-1.1493168530384658e8;0.0;0.0
FBMC;A→B;A;B;57;97.11387796395856;320.0;5630.772836562952;331.16443188086043;94.34615425899443;3;Cat 3 — Scarcity in exporting zone only;0.0;62864.379770406355;-62864.379770406355;Over-compensated;-1.333469924834827e6;-1.2706055450644207e6;Deficit (CR^alloc < Δ);false;false;0.0;0.0;NaN;-6.1050037053031875e6;-1.2949843554901838e8;-1.2339343184371519e8;0.0;0.0
FBMC;A→B;A;B;58;97.11387796395856;320.0;5630.772836562952;328.44292960481755;82.73317642664901;3;Cat 3 — Scarcity in exporting zone only;0.0;47540.21867981984;-47540.21867981984;Over-compensated;-1.3835358038742188e6;-1.335995585194399e6;Deficit (CR^alloc < Δ);false;false;0.0;0.0;NaN;-4.616814995251927e6;-1.343605272162082e8;-1.2974371222095628e8;0.0;0.0
FBMC;A→B;A;B;59;97.11387796395856;320.0;5630.772836562952;326.3167039288833;77.45096618571966;3;Cat 3 — Scarcity in exporting zone only;0.0;35567.92489936672;-35567.92489936672;Over-compensated;-1.4013064360354054e6;-1.3657385111360387e6;Deficit (CR^alloc < Δ);false;false;0.0;0.0;NaN;-3.454139118108343e6;-1.3608630221925205e8;-1.3263216310114372e8;0.0;0.0
FBMC;A→B;A;B;60;97.11387796395856;320.0;5630.772836562952;320.24171236274606;72.52277124145867;3;Cat 3 — Scarcity in exporting zone only;0.0;1361.027406411948;-1361.027406411948;Over-compensated;-1.3948490847678822e6;-1.3934880573614703e6;Deficit (CR^alloc < Δ);false;false;0.0;0.0;NaN;-132174.64945189294;-1.354592037962874e8;-1.353270291468355e8;0.0;0.0
FBMC;A→B;A;B;65;97.11387796395856;320.0;5630.772836562952;320.8690332300824;86.84490239743816;3;Cat 3 — Scarcity in exporting zone only;0.0;4893.328706018426;-4893.328706018426;Over-compensated;-1.3177367189927076e6;-1.3128433902866892e6;Deficit (CR^alloc < Δ);false;false;0.0;0.0;NaN;-475210.12679380865;-1.2797052291688496e8;-1.2749531279009114e8;0.0;0.0
FBMC;A→B;A;B;66;97.11387796395856;320.0;5630.772836562952;331.2094174556568;95.80408928858917;3;Cat 3 — Scarcity in exporting zone only;0.0;63117.68332300701;-63117.68332300701;Over-compensated;-1.3255139274253119e6;-1.2623962441023048e6;Deficit (CR^alloc < Δ);false;false;0.0;0.0;NaN;-6.129602995598285e6;-1.2872579778750916e8;-1.2259619479191087e8;0.0;0.0
FBMC;A→B;A;B;67;97.11387796395856;320.0;5630.772836562952;344.1549384950498;112.97410646359701;3;Cat 3 — Scarcity in exporting zone only;0.0;136010.97154677522;-136010.97154677522;Over-compensated;-1.3017267493367267e6;-1.1657157777899515e6;Deficit (CR^alloc < Δ);false;false;0.0;0.0;NaN;-1.3208552892552968e7;-1.2641573267750736e8;-1.1320717978495438e8;0.0;0.0
FBMC;A→B;A;B;68;97.11387796395856;320.0;5630.772836562952;330.1720874987239;122.62576150633615;3;Cat 3 — Scarcity in exporting zone only;0.0;57276.7139789561;-57276.7139789561;Over-compensated;-1.1686462147263763e6;-1.1113695007474204e6;Deficit (CR^alloc < Δ);false;false;0.0;0.0;NaN;-5.562363811528902e6;-1.1349176587997942e8;-1.0792940206845053e8;0.0;0.0
FBMC;A→B;A;B;81;40.25148227827839;320.0;5630.772836562952;323.3278441340224;111.63854195139386;3;Cat 3 — Scarcity in exporting zone only;0.0;18738.334354168845;-18738.334354168845;Over-compensated;-1.1919743725209115e6;-1.1732360381667428e6;Deficit (CR^alloc < Δ);false;false;0.0;0.0;NaN;-754245.7331812823;-4.797873533168747e7;-4.722448959850619e7;0.0;0.0
FBMC;A→B;A;B;82;40.25148227827839;320.0;5630.772836562952;325.1384859235529;94.03243813460192;3;Cat 3 — Scarcity in exporting zone only;0.0;28933.64695940264;-28933.64695940264;Over-compensated;-1.3013056562554445e6;-1.272372009296042e6;Deficit (CR^alloc < Δ);false;false;0.0;0.0;NaN;-1.1646221778323587e6;-5.237948156138945e7;-5.1214859383557096e7;0.0;0.0
FBMC;A→B;A;B;83;40.25148227827839;320.0;5630.772836562952;325.7040918391801;85.9188520786395;3;Cat 3 — Scarcity in exporting zone only;0.0;32118.445385315605;-32118.445385315605;Over-compensated;-1.3501762146523865e6;-1.3180577692670708e6;Deficit (CR^alloc < Δ);false;false;0.0;0.0;NaN;-1.2928150352328834e6;-5.4346593976633534e7;-5.305377894140065e7;0.0;0.0
FBMC;A→B;A;B;84;40.25148227827839;320.0;5630.772836562952;321.2598760344209;81.57389390134418;3;Cat 3 — Scarcity in exporting zone only;0.0;7094.075752054005;-7094.075752054005;Over-compensated;-1.3496173174998416e6;-1.3425232417477875e6;Deficit (CR^alloc < Δ);false;false;0.0;0.0;NaN;-285547.0644145662;-5.432409753780249e7;-5.403855047338792e7;0.0;0.0
FBMC;A→B;A;B;103;36.60237753673532;320.0;5630.772836562952;327.1297548553018;326.8389388822133;2;Cat 2 — Scarcity in both zones;38508.511288880916;40146.02997058634;-1637.5186817054273;Over-compensated;-1637.5186817054223;5.002220859751105e-12;Exactly funded;false;false;0.0;0.0;NaN;-59937.07701123916;-59937.07701123898;1.8309317643074268e-10;0.0;0.0
FBMC;A→B;A;B;104;36.60237753673532;320.0;5630.772836562952;354.62556747396957;291.25182896536825;3;Cat 3 — Scarcity in exporting zone only;0.0;194968.7047830055;-194968.7047830055;Over-compensated;-356843.12534567586;-161874.42056267036;Deficit (CR^alloc < Δ);false;false;0.0;0.0;NaN;-7.1363181403158605e6;-1.3061306795290992e7;-5.924988654975131e6;0.0;0.0
FBMC;A→B;A;B;105;36.60237753673532;320.0;5630.772836562952;345.78706967429576;104.97999580143969;3;Cat 3 — Scarcity in exporting zone only;0.0;145201.13145658083;-145201.13145658083;Over-compensated;-1.3559299304154862e6;-1.2107287989589055e6;Deficit (CR^alloc < Δ);false;false;0.0;0.0;NaN;-5.314706632334906e6;-4.963025922642688e7;-4.4315552594091974e7;0.0;0.0
FBMC;A→B;A;B;106;36.60237753673532;320.0;5630.772836562952;351.9099449209509;90.23275700168419;3;Cat 3 — Scarcity in exporting zone only;0.0;179677.65107711038;-179677.65107711038;Over-compensated;-1.473444801683986e6;-1.2937671506068758e6;Deficit (CR^alloc < Δ);false;false;0.0;0.0;NaN;-6.576629219638191e6;-5.393158291077736e7;-4.735495369113917e7;0.0;0.0
FBMC;A→B;A;B;107;36.60237753673532;320.0;5630.772836562952;346.45099176426925;77.54020895338968;3;Cat 3 — Scarcity in exporting zone only;0.0;148939.52592639762;-148939.52592639762;Over-compensated;-1.5141755313103804e6;-1.3652360053839828e6;Deficit (CR^alloc < Δ);false;false;0.0;0.0;NaN;-5.451540758100384e6;-5.542242445390934e7;-4.997088369580895e7;0.0;0.0
FBMC;A→B;A;B;108;36.60237753673532;320.0;5630.772836562952;334.85490892887657;78.1774153572291;3;Cat 3 — Scarcity in exporting zone only;0.0;83644.61768633463;-83644.61768633463;Over-compensated;-1.4452926585602942e6;-1.3616480408739597e6;Deficit (CR^alloc < Δ);false;false;0.0;0.0;NaN;-3.0615918754711086e6;-5.290114753969578e7;-4.983955566422468e7;0.0;0.0
FBMC;A→B;A;B;109;36.60237753673532;320.0;5630.772836562952;328.49341651762546;80.88033928435364;3;Cat 3 — Scarcity in exporting zone only;0.0;47824.49901706055;-47824.49901706055;Over-compensated;-1.3942529892628714e6;-1.346428490245811e6;Deficit (CR^alloc < Δ);false;false;0.0;0.0;NaN;-1.7504903685276774e6;-5.1032974294721395e7;-4.928248392619372e7;0.0;0.0
FBMC;A→B;A;B;110;36.60237753673532;320.0;5630.772836562952;320.4460429179946;80.38355488715058;3;Cat 3 — Scarcity in exporting zone only;0.0;2511.5663465852085;-2511.5663465852085;Over-compensated;-1.3517373366817953e6;-1.34922577033521e6;Deficit (CR^alloc < Δ);false;false;0.0;0.0;NaN;-91929.29962627083;-4.947680032772817e7;-4.93848710281019e7;0.0;0.0
FBMC;A→B;A;B;113;36.60237753673532;320.0;5630.772836562952;320.4602141487589;98.21693518065415;3;Cat 3 — Scarcity in exporting zone only;0.0;2591.3613278335206;-2591.3613278335206;Over-compensated;-1.2514014183222866e6;-1.248810056994453e6;Deficit (CR^alloc < Δ);false;false;0.0;0.0;NaN;-94849.98565545827;-4.580426716343838e7;-4.570941717778292e7;0.0;0.0
FBMC;A→B;A;B;114;36.60237753673532;320.0;5630.772836562952;328.5375723828965;117.35340289984181;3;Cat 3 — Scarcity in exporting zone only;0.0;48073.13066380356;-48073.13066380356;Over-compensated;-1.189130085037291e6;-1.1410569543734875e6;Deficit (CR^alloc < Δ);false;false;0.0;0.0;NaN;-1.7595908779293452e6;-4.35249883128251e7;-4.1765397434895754e7;0.0;0.0
FBMC;A→B;A;B;115;36.60237753673532;320.0;5630.772836562952;338.5413341590488;156.02351894280926;3;Cat 3 — Scarcity in exporting zone only;0.0;104402.04073640877;-104402.04073640877;Over-compensated;-1.0277163561084179e6;-923314.3153720091;Deficit (CR^alloc < Δ);false;false;0.0;0.0;NaN;-3.821362910639654e6;-3.7616862066958226e7;-3.3795499156318575e7;0.0;0.0
FBMC;A→B;A;B;116;36.60237753673532;320.0;5630.772836562952;327.9532657330509;327.61310860719374;2;Cat 2 — Scarcity in both zones;42867.6851471901;44783.03265162993;-1915.3475044398292;Over-compensated;-1915.347504439826;3.183231456205249e-12;Exactly funded;false;false;0.0;0.0;NaN;-70106.27247155046;-70106.27247155034;1.1651383954683625e-10;0.0;0.0
FBMC;A→C;A;C;7;43.53428519818616;320.0;5630.772836562952;342.38879341695247;118.69717268120566;3;Cat 3 — Scarcity in exporting zone only;0.0;126066.20981559539;-126066.20981559539;Over-compensated;-1.259556701805585e6;-1.1334904919899898e6;Deficit (CR^alloc < Δ);false;false;0.0;0.0;NaN;-5.488202331966505e6;-5.483390067969106e7;-4.9345698347724564e7;0.0;0.0
FBMC;A→C;A;C;8;43.53428519818616;320.0;5630.772836562952;455.7756921861856;155.38886721801327;3;Cat 3 — Scarcity in exporting zone only;0.0;764522.0794275065;-764522.0794275065;Over-compensated;-1.6914099744921746e6;-926887.895064668;Deficit (CR^alloc < Δ);false;false;0.0;0.0;NaN;-3.3282922246107403e7;-7.36343242165991e7;-4.035140197049171e7;0.0;0.0
FBMC;A→C;A;C;9;43.53428519818616;320.0;5630.772836562952;787.8607820855106;348.4721331633171;2;Cat 2 — Scarcity in both zones;160320.1140150091;2.634417783060191e6;-2.474097669045182e6;Over-compensated;-2.4740976690451824e6;-4.656612873077393e-10;Exactly funded;false;false;0.0;0.0;NaN;-1.0770807353238055e8;-1.0770807353238057e8;-2.0272231287409627e-8;0.0;0.0
FBMC;A→C;A;C;10;43.53428519818616;320.0;5630.772836562952;1060.2009694560754;339.4216573114329;2;Cat 2 — Scarcity in both zones;109358.94043025067;4.1679035124108326e6;-4.058544571980582e6;Over-compensated;-4.058544571980582e6;0.0;Exactly funded;false;false;0.0;0.0;NaN;-1.7668583688615304e8;-1.7668583688615304e8;0.0;0.0;0.0
FBMC;A→C;A;C;11;43.53428519818616;320.0;5630.772836562952;773.1317569593015;150.38212265489122;3;Cat 3 — Scarcity in exporting zone only;0.0;2.55148198847048e6;-2.55148198847048e6;Over-compensated;-3.506561724820785e6;-955079.7363503054;Deficit (CR^alloc < Δ);false;false;0.0;0.0;NaN;-1.11076944564109e8;-1.5265565819339165e8;-4.157871362928264e7;0.0;0.0
FBMC;A→C;A;C;12;43.53428519818616;320.0;5630.772836562952;1005.4369102560107;132.61700551197347;3;Cat 3 — Scarcity in exporting zone only;0.0;3.859539535447183e6;-3.859539535447183e6;Over-compensated;-4.914650610844187e6;-1.0551110753970044e6;Deficit (CR^alloc < Δ);false;false;0.0;0.0;NaN;-1.680222948698326e8;-2.139558013419307e8;-4.593350647209809e7;0.0;0.0
FBMC;A→C;A;C;13;43.53428519818616;320.0;5630.772836562952;600.2753258461962;122.11051600664555;3;Cat 3 — Scarcity in exporting zone only;0.0;1.5781666915335918e6;-1.5781666915335918e6;Over-compensated;-2.6924374226448312e6;-1.1142707311112394e6;Deficit (CR^alloc < Δ);false;false;0.0;0.0;NaN;-6.870435883950128e7;-1.1721333863568938e8;-4.85089797961881e7;0.0;0.0
FBMC;A→C;A;C;14;43.53428519818616;320.0;5630.772836562952;550.7757774470186;111.51733455632721;3;Cat 3 — Scarcity in exporting zone only;0.0;1.2994459789853697e6;-1.2994459789853697e6;Over-compensated;-2.4733645084598437e6;-1.173918529474474e6;Deficit (CR^alloc < Δ);false;false;0.0;0.0;NaN;-5.65704518487853e7;-1.0767615591036236e8;-5.110570406157706e7;0.0;0.0
FBMC;A→C;A;C;15;43.53428519818616;320.0;5630.772836562952;538.2601274493695;105.08842641733877;3;Cat 3 — Scarcity in exporting zone only;0.0;1.2289731969466778e6;-1.2289731969466778e6;Over-compensated;-2.439091447738927e6;-1.210118250792249e6;Deficit (CR^alloc < Δ);false;false;0.0;0.0;NaN;-5.350246965680328e7;-1.0618410271032321e8;-5.268163305351994e7;0.0;0.0
FBMC;A→C;A;C;16;43.53428519818616;320.0;5630.772836562952;503.09340152468116;103.83529281675762;3;Cat 3 — Scarcity in exporting zone only;0.0;1.0309573518590884e6;-1.0309573518590884e6;Over-compensated;-2.248131713290074e6;-1.2171743614309854e6;Deficit (CR^alloc < Δ);false;false;0.0;0.0;NaN;-4.4881991383000314e7;-9.787080716945696e7;-5.298881578645664e7;0.0;0.0
FBMC;A→C;A;C;17;43.53428519818616;320.0;5630.772836562952;474.5968649131002;108.71393535327132;3;Cat 3 — Scarcity in exporting zone only;0.0;870499.8275704767;-870499.8275704767;Over-compensated;-2.0602036611275603e6;-1.1897038335570837e6;Deficit (CR^alloc < Δ);false;false;0.0;0.0;NaN;-3.789658775842501e7;-8.968949374987449e7;-5.179290599144948e7;0.0;0.0
FBMC;A→C;A;C;18;43.53428519818616;320.0;5630.772836562952;511.70759923208846;123.77284730319737;3;Cat 3 — Scarcity in exporting zone only;0.0;1.0794619423187403e6;-1.0794619423187403e6;Over-compensated;-2.184372463519987e6;-1.104910521201247e6;Deficit (CR^alloc < Δ);false;false;0.0;0.0;NaN;-4.699360405749202e7;-9.509509380594362e7;-4.81014897484516e7;0.0;0.0
FBMC;A→C;A;C;19;43.53428519818616;320.0;5630.772836562952;528.5077627342433;124.1096463971929;3;Cat 3 — Scarcity in exporting zone only;0.0;1.1740598466164903e6;-1.1740598466164903e6;Over-compensated;-2.2770739286278877e6;-1.1030140820113975e6;Deficit (CR^alloc < Δ);false;false;0.0;0.0;NaN;-5.111185620234099e7;-9.913078582624066e7;-4.8018929623899676e7;0.0;0.0
FBMC;A→C;A;C;20;43.53428519818616;320.0;5630.772836562952;451.9670195405026;109.11397401509397;3;Cat 3 — Scarcity in exporting zone only;0.0;743076.3089508342;-743076.3089508342;Over-compensated;-1.930527615677352e6;-1.1874513067265179e6;Deficit (CR^alloc < Δ);false;false;0.0;0.0;NaN;-3.2349295957881108e7;-8.404413980387217e7;-5.169484384599106e7;0.0;0.0
FBMC;A→C;A;C;21;43.53428519818616;320.0;5630.772836562952;368.64739990881293;101.36508401913248;3;Cat 3 — Scarcity in exporting zone only;0.0;273922.4579759589;-273922.4579759589;Over-compensated;-1.5050060040052508e6;-1.2310835460292918e6;Deficit (CR^alloc < Δ);false;false;0.0;0.0;NaN;-1.1925018407713557e7;-6.551936060334709e7;-5.359434219563353e7;0.0;0.0
FBMC;A→C;A;C;31;46.39698671729721;320.0;5630.772836562952;359.8206553037116;128.15926518995337;3;Cat 3 — Scarcity in exporting zone only;0.0;224221.06421827566;-224221.06421827566;Over-compensated;-1.304432662732963e6;-1.0802115985146873e6;Deficit (CR^alloc < Δ);false;false;0.0;0.0;NaN;-1.040318173827358e7;-6.052174492642991e7;-5.011856318815633e7;0.0;0.0
FBMC;A→C;A;C;32;46.39698671729721;320.0;5630.772836562952;396.72215045228813;123.00125052138509;3;Cat 3 — Scarcity in exporting zone only;0.0;432005.00072944;-432005.00072944;Over-compensated;-1.541260208130495e6;-1.109255207401055e6;Deficit (CR^alloc < Δ);false;false;0.0;0.0;NaN;-2.00437302806498e7;-7.15098294045293e7;-5.146609912387951e7;0.0;0.0
FBMC;A→C;A;C;33;46.39698671729721;320.0;5630.772836562952;381.14515932928043;99.77278284253904;3;Cat 3 — Scarcity in exporting zone only;0.0;344294.502238626;-344294.502238626;Over-compensated;-1.5843439344807074e6;-1.2400494322420815e6;Deficit (CR^alloc < Δ);false;false;0.0;0.0;NaN;-1.5974227447203986e7;-7.350878448373178e7;-5.7534557036527805e7;0.0;0.0
FBMC;A→C;A;C;34;46.39698671729721;320.0;5630.772836562952;377.192217710752;80.36295948891947;3;Cat 3 — Scarcity in exporting zone only;0.0;322036.3859484969;-322036.3859484969;Over-compensated;-1.671378124292625e6;-1.3493417383441282e6;Deficit (CR^alloc < Δ);false;false;0.0;0.0;NaN;-1.494151792133881e7;-7.754690863238606e7;-6.260539071104725e7;0.0;0.0
FBMC;A→C;A;C;35;46.39698671729721;320.0;5630.772836562952;381.2081304498393;61.77856980042323;3;Cat 3 — Scarcity in exporting zone only;0.0;344649.07831375685;-344649.07831375685;Over-compensated;-1.79863529329997e6;-1.453986214986213e6;Deficit (CR^alloc < Δ);false;false;0.0;0.0;NaN;-1.5990678708652103e7;-8.345125781250069e7;-6.746057910384858e7;0.0;0.0
FBMC;A→C;A;C;36;46.39698671729721;320.0;5630.772836562952;368.104779341139;49.028426752519955;3;Cat 3 — Scarcity in exporting zone only;0.0;270867.08482294023;-270867.08482294023;Over-compensated;-1.7966464589455791e6;-1.525779374122639e6;Deficit (CR^alloc < Δ);false;false;0.0;0.0;NaN;-1.2567416536682975e7;-8.33589818913771e7;-7.079156535469413e7;0.0;0.0
FBMC;A→C;A;C;37;46.39698671729721;320.0;5630.772836562952;343.26906343143617;41.84408882143081;3;Cat 3 — Scarcity in exporting zone only;0.0;131022.81030199108;-131022.81030199108;Over-compensated;-1.6972555592956955e6;-1.5662327489937043e6;Deficit (CR^alloc < Δ);false;false;0.0;0.0;NaN;-6.079063589244432e6;-7.874754364050123e7;-7.266848005125679e7;0.0;0.0
FBMC;A→C;A;C;38;46.39698671729721;320.0;5630.772836562952;331.08690418808055;35.304527112320514;3;Cat 3 — Scarcity in exporting zone only;0.0;62427.83894382;-62427.83894382;Over-compensated;-1.6654833743722101e6;-1.6030555354283901e6;Deficit (CR^alloc < Δ);false;false;0.0;0.0;NaN;-2.8964636142659863e6;-7.727340999862677e7;-7.437694638436079e7;0.0;0.0
FBMC;A→C;A;C;39;46.39698671729721;320.0;5630.772836562952;328.2494813062742;38.14532926725117;3;Cat 3 — Scarcity in exporting zone only;0.0;46450.95525510273;-46450.95525510273;Over-compensated;-1.6335105790754599e6;-1.587059623820357e6;Deficit (CR^alloc < Δ);false;false;0.0;0.0;NaN;-2.1551843539767684e6;-7.578996863992858e7;-7.363478428595181e7;0.0;0.0
FBMC;A→C;A;C;40;46.39698671729721;320.0;5630.772836562952;327.2442841105952;48.59148054653;3;Cat 3 — Scarcity in exporting zone only;0.0;40790.91819028391;-40790.91819028391;Over-compensated;-1.56903063714065e6;-1.5282397189503661e6;Deficit (CR^alloc < Δ);false;false;0.0;0.0;NaN;-1.8925756894609598e6;-7.279829363044712e7;-7.090571794098616e7;0.0;0.0
FBMC;A→C;A;C;41;46.39698671729721;320.0;5630.772836562952;334.6923795668719;60.960321380999225;3;Cat 3 — Scarcity in exporting zone only;0.0;82729.45176961496;-82729.45176961496;Over-compensated;-1.5413230377294812e6;-1.4585935859598662e6;Deficit (CR^alloc < Δ);false;false;0.0;0.0;NaN;-3.838397274884105e6;-7.151274450859892e7;-6.767434723371482e7;0.0;0.0
FBMC;A→C;A;C;42;46.39698671729721;320.0;5630.772836562952;353.00821728707547;71.80686846231514;3;Cat 3 — Scarcity in exporting zone only;0.0;185861.77328343218;-185861.77328343218;Over-compensated;-1.5833809165673237e6;-1.3975191432838915e6;Deficit (CR^alloc < Δ);false;false;0.0;0.0;NaN;-8.623426226284709e6;-7.3464103354396e7;-6.484067712811129e7;0.0;0.0
FBMC;A→C;A;C;43;46.39698671729721;320.0;5630.772836562952;364.73077984381314;86.70526196210211;3;Cat 3 — Scarcity in exporting zone only;0.0;251868.86010282062;-251868.86010282062;Over-compensated;-1.5654985339596858e6;-1.3136296738568651e6;Deficit (CR^alloc < Δ);false;false;0.0;0.0;NaN;-1.1685956156691357e7;-7.263441468607579e7;-6.094845852938444e7;0.0;0.0
FBMC;A→C;A;C;44;46.39698671729721;320.0;5630.772836562952;341.56338086161884;104.06114756344192;3;Cat 3 — Scarcity in exporting zone only;0.0;121418.49922006478;-121418.49922006478;Over-compensated;-1.3373211238784117e6;-1.2159026246583469e6;Deficit (CR^alloc < Δ);false;false;0.0;0.0;NaN;-5.633452495547507e6;-6.204767042134765e7;-5.641421792580014e7;0.0;0.0
FBMC;A→C;A;C;45;46.39698671729721;320.0;5630.772836562952;322.96001458005406;130.69281061866107;3;Cat 3 — Scarcity in exporting zone only;0.0;16667.16969319872;-16667.16969319872;Over-compensated;-1.0826129494277204e6;-1.0659457797345216e6;Deficit (CR^alloc < Δ);false;false;0.0;0.0;NaN;-773306.4508702797;-5.02299786345719e7;-4.945667218370162e7;0.0;0.0
FBMC;A→C;A;C;55;97.11387796395856;320.0;5630.772836562952;327.4541550064942;119.86786073611734;3;Cat 3 — Scarcity in exporting zone only;0.0;41972.6535300973;-41972.6535300973;Over-compensated;-1.1688712670204015e6;-1.1268986134903042e6;Deficit (CR^alloc < Δ);false;false;0.0;0.0;NaN;-4.0761271527453833e6;-1.1351362158099689e8;-1.094374944282515e8;0.0;0.0
FBMC;A→C;A;C;56;97.11387796395856;320.0;5630.772836562952;342.86769981510054;109.82001100552664;3;Cat 3 — Scarcity in exporting zone only;0.0;128762.82295354374;-128762.82295354374;Over-compensated;-1.3122385957727246e6;-1.183475772819181e6;Deficit (CR^alloc < Δ);false;false;0.0;0.0;NaN;-1.2504657074605249e7;-1.2743657884946872e8;-1.1493192177486348e8;0.0;0.0
FBMC;A→C;A;C;57;97.11387796395856;320.0;5630.772836562952;331.16443188086043;94.36409051740067;3;Cat 3 — Scarcity in exporting zone only;0.0;62864.379770406355;-62864.379770406355;Over-compensated;-1.3333689298382038e6;-1.2705045500677975e6;Deficit (CR^alloc < Δ);false;false;0.0;0.0;NaN;-6.1050037053031875e6;-1.2948862753324135e8;-1.2338362382793817e8;0.0;0.0
FBMC;A→C;A;C;58;97.11387796395856;320.0;5630.772836562952;328.44292960481755;81.30777476521835;3;Cat 3 — Scarcity in exporting zone only;0.0;47540.21867981984;-47540.21867981984;Over-compensated;-1.3915619168305942e6;-1.3440216981507745e6;Deficit (CR^alloc < Δ);false;false;0.0;0.0;NaN;-4.616814995251927e6;-1.3513997417037857e8;-1.3052315917512666e8;0.0;0.0
FBMC;A→C;A;C;59;97.11387796395856;320.0;5630.772836562952;326.3167039288833;65.41951403890866;3;Cat 3 — Scarcity in exporting zone only;0.0;35567.92489936672;-35567.92489936672;Over-compensated;-1.469052809968076e6;-1.4334848850687093e6;Deficit (CR^alloc < Δ);false;false;0.0;0.0;NaN;-3.454139118108343e6;-1.4266541530985013e8;-1.392112761917418e8;0.0;0.0
FBMC;A→C;A;C;60;97.11387796395856;320.0;5630.772836562952;320.24171236274606;53.455241691994914;3;Cat 3 — Scarcity in exporting zone only;0.0;1361.027406411948;-1361.027406411948;Over-compensated;-1.5022140122153643e6;-1.5008529848089523e6;Deficit (CR^alloc < Δ);false;false;0.0;0.0;NaN;-132174.64945189294;-1.4588582825803143e8;-1.4575365360857955e8;0.0;0.0
FBMC;A→C;A;C;65;97.11387796395856;320.0;5630.772836562952;320.8690332300824;66.14901189599787;3;Cat 3 — Scarcity in exporting zone only;0.0;4893.328706018426;-4893.328706018426;Over-compensated;-1.4342705770566985e6;-1.42937724835068e6;Deficit (CR^alloc < Δ);false;false;0.0;0.0;NaN;-475210.12679380865;-1.3928757778758064e8;-1.3881236766078684e8;0.0;0.0
FBMC;A→C;A;C;66;97.11387796395856;320.0;5630.772836562952;331.2094174556568;79.08685619185219;3;Cat 3 — Scarcity in exporting zone only;0.0;63117.68332300701;-63117.68332300701;Over-compensated;-1.4196448694489098e6;-1.3565271861259027e6;Deficit (CR^alloc < Δ);false;false;0.0;0.0;NaN;-6.129602995598285e6;-1.378672186038213e8;-1.31737615608223e8;0.0;0.0
FBMC;A→C;A;C;67;97.11387796395856;320.0;5630.772836562952;344.1549384950498;94.79324352675856;3;Cat 3 — Scarcity in exporting zone only;0.0;136010.97154677522;-136010.97154677522;Over-compensated;-1.404099058506751e6;-1.2680880869599758e6;Deficit (CR^alloc < Δ);false;false;0.0;0.0;NaN;-1.3208552892552968e7;-1.363575046171337e8;-1.2314895172458075e8;0.0;0.0
FBMC;A→C;A;C;68;97.11387796395856;320.0;5630.772836562952;330.1720874987239;122.62531993207293;3;Cat 3 — Scarcity in exporting zone only;0.0;57276.7139789561;-57276.7139789561;Over-compensated;-1.168648701130743e6;-1.111371987151787e6;Deficit (CR^alloc < Δ);false;false;0.0;0.0;NaN;-5.562363811528902e6;-1.1349200734434964e8;-1.0792964353282075e8;0.0;0.0
FBMC;A→C;A;C;81;40.25148227827839;320.0;5630.772836562952;323.3278441340224;111.63811594415138;3;Cat 3 — Scarcity in exporting zone only;0.0;18738.334354168845;-18738.334354168845;Over-compensated;-1.1919767712709205e6;-1.1732384369167518e6;Deficit (CR^alloc < Δ);false;false;0.0;0.0;NaN;-754245.7331812823;-4.7978831884930946e7;-4.722458615174967e7;0.0;0.0
FBMC;A→C;A;C;82;40.25148227827839;320.0;5630.772836562952;325.1384859235529;94.02798413403939;3;Cat 3 — Scarcity in exporting zone only;0.0;28933.64695940264;-28933.64695940264;Over-compensated;-1.301330735720826e6;-1.2723970887614235e6;Deficit (CR^alloc < Δ);false;false;0.0;0.0;NaN;-1.1646221778323587e6;-5.2380491047045805e7;-5.121586886921345e7;0.0;0.0
FBMC;A→C;A;C;83;40.25148227827839;320.0;5630.772836562952;325.7040918391801;83.0919534540027;3;Cat 3 — Scarcity in exporting zone only;0.0;32118.445385315605;-32118.445385315605;Over-compensated;-1.3660938386397087e6;-1.333975393254393e6;Deficit (CR^alloc < Δ);false;false;0.0;0.0;NaN;-1.2928150352328834e6;-5.498730193647153e7;-5.369448690123864e7;0.0;0.0
FBMC;A→C;A;C;84;40.25148227827839;320.0;5630.772836562952;321.2598760344209;72.4501683452204;3;Cat 3 — Scarcity in exporting zone only;0.0;7094.075752054005;-7094.075752054005;Over-compensated;-1.4009909435295186e6;-1.3938968677774644e6;Deficit (CR^alloc < Δ);false;false;0.0;0.0;NaN;-285547.0644145662;-5.6391962135506935e7;-5.610641507109237e7;0.0;0.0
FBMC;A→C;A;C;103;36.60237753673532;320.0;5630.772836562952;327.1297548553018;326.8801286114885;2;Cat 2 — Scarcity in both zones;38740.44129762895;40146.02997058634;-1405.5886729573904;Over-compensated;-1405.5886729573872;3.183231456205249e-12;Exactly funded;false;false;0.0;0.0;NaN;-51447.88726894519;-51447.88726894507;1.1651383954683625e-10;0.0;0.0
FBMC;A→C;A;C;104;36.60237753673532;320.0;5630.772836562952;354.62556747396957;354.4084376082762;2;Cat 2 — Scarcity in both zones;193746.09583325265;194968.7047830055;-1222.6089497528446;Over-compensated;-1222.608949752846;-1.3642420526593924e-12;Exactly funded;false;false;0.0;0.0;NaN;-44750.39435864508;-44750.39435864513;-4.9934502662929824e-11;0.0;0.0
FBMC;A→C;A;C;105;36.60237753673532;320.0;5630.772836562952;345.78706967429576;130.69841099105741;3;Cat 3 — Scarcity in exporting zone only;0.0;145201.13145658083;-145201.13145658083;Over-compensated;-1.2111153767663385e6;-1.0659142453097575e6;Deficit (CR^alloc < Δ);false;false;0.0;0.0;NaN;-5.314706632334906e6;-4.432970226094696e7;-3.901499562861205e7;0.0;0.0
FBMC;A→C;A;C;106;36.60237753673532;320.0;5630.772836562952;351.9099449209509;90.50055990882953;3;Cat 3 — Scarcity in exporting zone only;0.0;179677.65107711038;-179677.65107711038;Over-compensated;-1.4719368643488795e6;-1.2922592132717692e6;Deficit (CR^alloc < Δ);false;false;0.0;0.0;NaN;-6.576629219638191e6;-5.387638881913605e7;-4.729975959949786e7;0.0;0.0
FBMC;A→C;A;C;107;36.60237753673532;320.0;5630.772836562952;346.45099176426925;77.50039782680798;3;Cat 3 — Scarcity in exporting zone only;0.0;148939.52592639762;-148939.52592639762;Over-compensated;-1.5143996987205292e6;-1.3654601727941316e6;Deficit (CR^alloc < Δ);false;false;0.0;0.0;NaN;-5.451540758100384e6;-5.543062951408703e7;-4.9979088755986646e7;0.0;0.0
FBMC;A→C;A;C;108;36.60237753673532;320.0;5630.772836562952;334.85490892887657;68.28577135800846;3;Cat 3 — Scarcity in exporting zone only;0.0;83644.61768633463;-83644.61768633463;Over-compensated;-1.5009902589000568e6;-1.4173456412137223e6;Deficit (CR^alloc < Δ);false;false;0.0;0.0;NaN;-3.0615918754711086e6;-5.493981213522197e7;-5.1878220259750865e7;0.0;0.0
FBMC;A→C;A;C;109;36.60237753673532;320.0;5630.772836562952;328.49341651762546;64.64787611630871;3;Cat 3 — Scarcity in exporting zone only;0.0;47824.49901706055;-47824.49901706055;Over-compensated;-1.4856543019400071e6;-1.4378298029229466e6;Deficit (CR^alloc < Δ);false;false;0.0;0.0;NaN;-1.7504903685276774e6;-5.437847964868311e7;-5.262798928015543e7;0.0;0.0
FBMC;A→C;A;C;110;36.60237753673532;320.0;5630.772836562952;320.4460429179946;62.83786378141291;3;Cat 3 — Scarcity in exporting zone only;0.0;2511.5663465852085;-2511.5663465852085;Over-compensated;-1.450533137558707e6;-1.4480215712121218e6;Deficit (CR^alloc < Δ);false;false;0.0;0.0;NaN;-91929.29962627083;-5.309296153046902e7;-5.300103223084275e7;0.0;0.0
FBMC;A→C;A;C;113;36.60237753673532;320.0;5630.772836562952;320.4602141487589;98.21626539229449;3;Cat 3 — Scarcity in exporting zone only;0.0;2591.3613278335206;-2591.3613278335206;Over-compensated;-1.2514051897483885e6;-1.248813828420555e6;Deficit (CR^alloc < Δ);false;false;0.0;0.0;NaN;-94849.98565545827;-4.580440520660041e7;-4.5709555220944956e7;0.0;0.0
FBMC;A→C;A;C;114;36.60237753673532;320.0;5630.772836562952;328.5375723828965;117.35296126654079;3;Cat 3 — Scarcity in exporting zone only;0.0;48073.13066380356;-48073.13066380356;Over-compensated;-1.1891325717740862e6;-1.1410594411102827e6;Deficit (CR^alloc < Δ);false;false;0.0;0.0;NaN;-1.7595908779293452e6;-4.3525079333304115e7;-4.176548845537477e7;0.0;0.0
FBMC;A→C;A;C;115;36.60237753673532;320.0;5630.772836562952;338.5413341590488;156.02403451566977;3;Cat 3 — Scarcity in exporting zone only;0.0;104402.04073640877;-104402.04073640877;Over-compensated;-1.0277134530347596e6;-923311.4122983508;Deficit (CR^alloc < Δ);false;false;0.0;0.0;NaN;-3.821362910639654e6;-3.7616755807560176e7;-3.379539289692052e7;0.0;0.0
FBMC;A→C;A;C;116;36.60237753673532;320.0;5630.772836562952;327.9532657330509;327.69247778769017;2;Cat 2 — Scarcity in both zones;43314.59497278966;44783.03265162993;-1468.4376788402733;Over-compensated;-1468.4376788402756;-2.2737367544323206e-12;Exactly funded;false;false;0.0;0.0;NaN;-53748.310310078974;-53748.310310079054;-8.322417110488305e-11;0.0;0.0
NTC;A→B;A;B;7;43.53428519818616;320.0;3443.0999429123794;342.6286214381394;121.15367062096156;3;Cat 3 — Scarcity in exporting zone only;0.0;77912.60518184368;-77912.60518184368;Over-compensated;-762560.3905151471;-684647.7853333035;Deficit (CR^alloc < Δ);false;false;0.0;0.0;NaN;-3.39186957452006e6;-3.3197521521526627e7;-2.9805651947006572e7;0.0;0.0
NTC;A→B;A;B;8;43.53428519818616;320.0;3443.0999429123794;456.80144277826776;148.03241074220946;3;Cat 3 — Scarcity in exporting zone only;0.0;471021.0398201849;-471021.0398201849;Over-compensated;-1.063122636576463e6;-592101.5967562781;Deficit (CR^alloc < Δ);false;false;0.0;0.0;NaN;-2.050556428187813e7;-4.628228406136736e7;-2.5776719779489227e7;0.0;0.0
NTC;A→B;A;B;9;43.53428519818616;320.0;3443.0999429123794;565.2992123547467;170.60063203168195;3;Cat 3 — Scarcity in exporting zone only;0.0;844589.7040550801;-844589.7040550801;Over-compensated;-1.3589866593779416e6;-514396.95532286156;Deficit (CR^alloc < Δ);false;false;0.0;0.0;NaN;-3.676860905178551e7;-5.9162512809889585e7;-2.239390375810408e7;0.0;0.0
NTC;A→B;A;B;10;43.53428519818616;320.0;3443.0999429123794;954.4944627490203;165.58444141739918;3;Cat 3 — Scarcity in exporting zone only;0.0;2.1846278484693724e6;-2.1846278484693724e6;Over-compensated;-2.7162960494099087e6;-531668.2009405363;Deficit (CR^alloc < Δ);false;false;0.0;0.0;NaN;-9.510621180716547e7;-1.1825200689771734e8;-2.3145795090551857e7;0.0;0.0
NTC;A→B;A;B;11;43.53428519818616;320.0;3443.0999429123794;878.9686139294623;154.73056762493073;3;Cat 3 — Scarcity in exporting zone only;0.0;1.9245848027103436e6;-1.9245848027103436e6;Over-compensated;-2.493623975886106e6;-569039.1731757624;Deficit (CR^alloc < Δ);false;false;0.0;0.0;NaN;-8.378542368928695e7;-1.0855813734326063e8;-2.4772713653973684e7;0.0;0.0
NTC;A→B;A;B;12;43.53428519818616;320.0;3443.0999429123794;1109.9944042963564;139.9028141914904;3;Cat 3 — Scarcity in exporting zone only;0.0;2.720029688333884e6;-2.720029688333884e6;Over-compensated;-3.3401222985098436e6;-620092.6101759598;Deficit (CR^alloc < Δ);false;false;0.0;0.0;NaN;-1.1841454819946072e8;-1.4540983674014863e8;-2.6995288540687907e7;0.0;0.0
NTC;A→B;A;B;13;43.53428519818616;320.0;3443.0999429123794;704.6579061333853;116.56331990758085;3;Cat 3 — Scarcity in exporting zone only;0.0;1.3244156146486541e6;-1.3244156146486541e6;Over-compensated;-2.0248684362611466e6;-700452.8216124924;Deficit (CR^alloc < Δ);false;false;0.0;0.0;NaN;-5.765748708904553e7;-8.815119999299799e7;-3.049371290395246e7;0.0;0.0
NTC;A→B;A;B;14;43.53428519818616;320.0;3443.0999429123794;551.7990390254771;110.78422480010698;3;Cat 3 — Scarcity in exporting zone only;0.0;798107.2580357646;-798107.2580357646;Over-compensated;-1.5184580816828855e6;-720350.823647121;Deficit (CR^alloc < Δ);false;false;0.0;0.0;NaN;-3.474502899007133e7;-6.61049871894734e7;-3.1359958199402068e7;0.0;0.0
NTC;A→B;A;B;15;43.53428519818616;320.0;3443.0999429123794;539.2834318950607;104.94378633131478;3;Cat 3 — Scarcity in exporting zone only;0.0;755014.7718395143;-755014.7718395143;Over-compensated;-1.495474808845117e6;-740460.0370056027;Deficit (CR^alloc < Δ);false;false;0.0;0.0;NaN;-3.2869028406104866e7;-6.510442683496626e7;-3.2235398428861387e7;0.0;0.0
NTC;A→B;A;B;16;43.53428519818616;320.0;3443.0999429123794;504.11709034710617;103.9883406501527;3;Cat 3 — Scarcity in exporting zone only;0.0;633933.5432633146;-633933.5432633146;Over-compensated;-1.3776832752391824e6;-743749.7319758678;Deficit (CR^alloc < Δ);false;false;0.0;0.0;NaN;-2.7597843669121824e7;-5.997645661703377e7;-3.2378612947911944e7;0.0;0.0
NTC;A→B;A;B;17;43.53428519818616;320.0;3443.0999429123794;475.62088433865256;107.98077757697659;3;Cat 3 — Scarcity in exporting zone only;0.0;535818.2579823886;-535818.2579823886;Over-compensated;-1.2658216306034275e6;-730003.3726210389;Deficit (CR^alloc < Δ);false;false;0.0;0.0;NaN;-2.3326464857400592e7;-5.510663987672266e7;-3.178017501932207e7;0.0;0.0
NTC;A→B;A;B;18;43.53428519818616;320.0;3443.0999429123794;512.7312256934888;123.03977077233274;3;Cat 3 — Scarcity in exporting zone only;0.0;663592.8721826841;-663592.8721826841;Over-compensated;-1.3417466261924745e6;-678153.7540097904;Deficit (CR^alloc < Δ);false;false;0.0;0.0;NaN;-2.8889041353084467e7;-5.8411980288367264e7;-2.9522938935282797e7;0.0;0.0
NTC;A→B;A;B;19;43.53428519818616;320.0;3443.0999429123794;529.531252185373;126.30280475777899;3;Cat 3 — Scarcity in exporting zone only;0.0;721437.0424378171;-721437.0424378171;Over-compensated;-1.3883558443185964e6;-666918.8018807793;Deficit (CR^alloc < Δ);false;false;0.0;0.0;NaN;-3.140724595802386e7;-6.044107928313432e7;-2.903383332511046e7;0.0;0.0
NTC;A→B;A;B;20;43.53428519818616;320.0;3443.0999429123794;452.99135624066326;117.85488299112936;3;Cat 3 — Scarcity in exporting zone only;0.0;457902.5310800676;-457902.5310800676;Over-compensated;-1.1539083719133262e6;-696005.8408332586;Deficit (CR^alloc < Δ);false;false;0.0;0.0;NaN;-1.993445938101097e7;-5.023457615544941e7;-3.030011677443844e7;0.0;0.0
NTC;A→B;A;B;21;43.53428519818616;320.0;3443.0999429123794;368.88699084545397;101.59571105965071;3;Cat 3 — Scarcity in exporting zone only;0.0;168322.79538914058;-168322.79538914058;Over-compensated;-920310.5901714759;-751987.7947823353;Deficit (CR^alloc < Δ);false;false;0.0;0.0;NaN;-7.327812579826781e6;-4.0065063703436054e7;-3.273725112360927e7;0.0;0.0
NTC;A→B;A;B;31;46.39698671729721;320.0;3443.0999429123794;360.0606213814909;127.39616751126997;3;Cat 3 — Scarcity in exporting zone only;0.0;137932.7231916457;-137932.7231916457;Over-compensated;-801086.9678382976;-663154.2446466519;Deficit (CR^alloc < Δ);false;false;0.0;0.0;NaN;-6.399662725803418e6;-3.716802140619339e7;-3.0768358680389974e7;0.0;0.0
NTC;A→B;A;B;32;46.39698671729721;320.0;3443.0999429123794;396.9619809576882;122.2677772313231;3;Cat 3 — Scarcity in exporting zone only;0.0;264987.7922418398;-264987.7922418398;Over-compensated;-945799.5971686093;-680811.8049267695;Deficit (CR^alloc < Δ);false;false;0.0;0.0;NaN;-1.2294635076890554e7;-4.3882251347057015e7;-3.158761627016646e7;0.0;0.0
NTC;A→B;A;B;33;46.39698671729721;320.0;3443.0999429123794;381.384970215874;101.72654979686412;3;Cat 3 — Scarcity in exporting zone only;0.0;211354.5874459538;-211354.5874459538;Over-compensated;-962891.8913796591;-751537.3039337052;Deficit (CR^alloc < Δ);false;false;0.0;0.0;NaN;-9.80621598636975e6;-4.467528229453523e7;-3.4869066308165476e7;0.0;0.0
NTC;A→B;A;B;34;46.39698671729721;320.0;3443.0999429123794;377.43199365945804;87.39768311450624;3;Cat 3 — Scarcity in exporting zone only;0.0;197744.09409022413;-197744.09409022413;Over-compensated;-998617.118079955;-800873.0239897309;Deficit (CR^alloc < Δ);false;false;0.0;0.0;NaN;-9.174730106928099e6;-4.633282516322129e7;-3.715809505629319e7;0.0;0.0
NTC;A→B;A;B;35;46.39698671729721;320.0;3443.0999429123794;381.4478703773133;78.35482389970906;3;Cat 3 — Scarcity in exporting zone only;0.0;211571.15898821465;-211571.15898821465;Over-compensated;-1.0435796510241783e6;-832008.4920359636;Deficit (CR^alloc < Δ);false;false;0.0;0.0;NaN;-9.81626425333937e6;-4.8418951207010455e7;-3.860268695367108e7;0.0;0.0
NTC;A→B;A;B;36;46.39698671729721;320.0;3443.0999429123794;368.34454784048876;71.74687950617152;3;Cat 3 — Scarcity in exporting zone only;0.0;166455.10990971164;-166455.10990971164;Over-compensated;-1.0212154149098325e6;-854760.3050001209;Deficit (CR^alloc < Δ);false;false;0.0;0.0;NaN;-7.723015523507138e6;-4.738131804107066e7;-3.965830251756352e7;0.0;0.0
NTC;A→B;A;B;37;46.39698671729721;320.0;3443.0999429123794;343.50889035789794;70.68717140845804;3;Cat 3 — Scarcity in exporting zone only;0.0;80943.45904921179;-80943.45904921179;Over-compensated;-939352.4449400738;-858408.985890862;Deficit (CR^alloc < Δ);false;false;0.0;0.0;NaN;-3.7555325943583697e6;-4.358312291074526e7;-3.982759031638689e7;0.0;0.0
NTC;A→B;A;B;38;46.39698671729721;320.0;3443.0999429123794;331.0868937113775;71.29975528952961;3;Cat 3 — Scarcity in exporting zone only;0.0;38173.283104719536;-38173.283104719536;Over-compensated;-894473.0814696349;-856299.7983649154;Deficit (CR^alloc < Δ);false;false;0.0;0.0;NaN;-1.7711253091652982e6;-4.150085567992656e7;-3.972973037076126e7;0.0;0.0
NTC;A→B;A;B;39;46.39698671729721;320.0;3443.0999429123794;328.24947095244033;73.58464298725065;3;Cat 3 — Scarcity in exporting zone only;0.0;28403.752965404645;-28403.752965404645;Over-compensated;-876836.4546287355;-848432.7016633309;Deficit (CR^alloc < Δ);false;false;0.0;0.0;NaN;-1.3178485490572706e6;-4.068256933865142e7;-3.936472078959415e7;0.0;0.0
NTC;A→B;A;B;40;46.39698671729721;320.0;3443.0999429123794;327.2442738189664;77.77507498071316;3;Cat 3 — Scarcity in exporting zone only;0.0;24942.758772524878;-24942.758772524878;Over-compensated;-858947.3842783868;-834004.625505862;Deficit (CR^alloc < Δ);false;false;0.0;0.0;NaN;-1.1572688474615852e6;-3.98525703792215e7;-3.869530153175991e7;0.0;0.0
NTC;A→B;A;B;41;46.39698671729721;320.0;3443.0999429123794;334.81327069674506;83.6876021258857;3;Cat 3 — Scarcity in exporting zone only;0.0;51003.57149030855;-51003.57149030855;Over-compensated;-864650.775120159;-813647.2036298505;Deficit (CR^alloc < Δ);false;false;0.0;0.0;NaN;-2.3664120289705647e6;-4.0117190528350756e7;-3.775077849938019e7;0.0;0.0
NTC;A→B;A;B;42;46.39698671729721;320.0;3443.0999429123794;353.2481556735527;90.39872268502538;3;Cat 3 — Scarcity in exporting zone only;0.0;114476.72290155111;-114476.72290155111;Over-compensated;-905016.8677173496;-790540.1448157984;Deficit (CR^alloc < Δ);false;false;0.0;0.0;NaN;-5.31137499190298e6;-4.19900555904118e7;-3.667868059850881e7;0.0;0.0
NTC;A→B;A;B;43;46.39698671729721;320.0;3443.0999429123794;364.9707332341133;99.8119203333265;3;Cat 3 — Scarcity in exporting zone only;0.0;154838.72903110337;-154838.72903110337;Over-compensated;-912968.2935614134;-758129.56453031;Deficit (CR^alloc < Δ);false;false;0.0;0.0;NaN;-7.184050454179285e6;-4.2358977789682396e7;-3.517492733550311e7;0.0;0.0
NTC;A→B;A;B;44;46.39698671729721;320.0;3443.0999429123794;341.8034041965476;113.98037348692871;3;Cat 3 — Scarcity in exporting zone only;0.0;75071.29974442859;-75071.29974442859;Over-compensated;-784417.464030414;-709346.1642859854;Deficit (CR^alloc < Δ);false;false;0.0;0.0;NaN;-3.4830820970924906e6;-3.639460665943508e7;-3.2911524562342588e7;0.0;0.0
NTC;A→B;A;B;45;46.39698671729721;320.0;3443.0999429123794;322.96000435346326;129.92974570842608;3;Cat 3 — Scarcity in exporting zone only;0.0;10191.590820429752;-10191.590820429752;Over-compensated;-664622.4725210894;-654430.8817006596;Deficit (CR^alloc < Δ);false;false;0.0;0.0;NaN;-472859.1039236074;-3.0836480029578213e7;-3.036362092565461e7;0.0;0.0
NTC;A→B;A;B;55;97.11387796395856;320.0;3443.0999429123794;327.45414471253264;119.13425396052612;3;Cat 3 — Scarcity in exporting zone only;0.0;25665.365234181743;-25665.365234181743;Over-compensated;-717266.2039557468;-691600.8387215651;Deficit (CR^alloc < Δ);false;false;0.0;0.0;NaN;-2.4924631472527506e6;-6.96565025986302e7;-6.716403945137745e7;0.0;0.0
NTC;A→B;A;B;56;97.11387796395856;320.0;3443.0999429123794;343.1075523856956;109.08646801642622;3;Cat 3 — Scarcity in exporting zone only;0.0;79561.61230003338;-79561.61230003338;Over-compensated;-805757.9822321245;-726196.3699320912;Deficit (CR^alloc < Δ);false;false;0.0;0.0;NaN;-7.726536707521225e6;-7.825028235497603e7;-7.052374564745481e7;0.0;0.0
NTC;A→B;A;B;57;97.11387796395856;320.0;3443.0999429123794;331.1644213520087;94.34652855920629;3;Cat 3 — Scarcity in exporting zone only;0.0;38440.218519750815;-38440.218519750815;Over-compensated;-815387.6731555279;-776947.454635777;Deficit (CR^alloc < Δ);false;false;0.0;0.0;NaN;-3.7330786902349805e6;-7.918545898414207e7;-7.545238029390708e7;0.0;0.0
NTC;A→B;A;B;58;97.11387796395856;320.0;3443.0999429123794;328.442919117332;82.73318350680196;3;Cat 3 — Scarcity in exporting zone only;0.0;29069.814330899633;-29069.814330899633;Over-compensated;-846003.1766536318;-816933.3623227322;Deficit (CR^alloc < Δ);false;false;0.0;0.0;NaN;-2.8230824013659204e6;-8.215864925466208e7;-7.933556685329616e7;0.0;0.0
NTC;A→B;A;B;59;97.11387796395856;320.0;3443.0999429123794;326.31669348625167;77.45096643602756;3;Cat 3 — Scarcity in exporting zone only;0.0;21749.006981908107;-21749.006981908107;Over-compensated;-856869.5705994745;-835120.5636175664;Deficit (CR^alloc < Δ);false;false;0.0;0.0;NaN;-2.1121304098783066e6;-8.321392691022694e7;-8.110179650034863e7;0.0;0.0
NTC;A→B;A;B;60;97.11387796395856;320.0;3443.0999429123794;320.24170214667834;72.52277143350224;3;Cat 3 — Scarcity in exporting zone only;0.0;832.2046474299759;-832.2046474299759;Over-compensated;-852921.0361968523;-852088.8315494223;Deficit (CR^alloc < Δ);false;false;0.0;0.0;NaN;-80818.62057155384;-8.28304694221142e7;-8.274965080154264e7;0.0;0.0
NTC;A→B;A;B;65;97.11387796395856;320.0;3443.0999429123794;320.8690231677794;86.84490264628091;3;Cat 3 — Scarcity in exporting zone only;0.0;2992.133619370798;-2992.133619370798;Over-compensated;-805768.4360076913;-802776.3023883206;Deficit (CR^alloc < Δ);false;false;0.0;0.0;NaN;-290577.6991634333;-7.825129756166069e7;-7.796071986249726e7;0.0;0.0
NTC;A→B;A;B;66;97.11387796395856;320.0;3443.0999429123794;331.20940692303424;95.80408960375618;3;Cat 3 — Scarcity in exporting zone only;0.0;38595.10833678081;-38595.10833678081;Over-compensated;-810524.0346232768;-771928.926286496;Deficit (CR^alloc < Δ);false;false;0.0;0.0;NaN;-3.748120641023891e6;-7.871313218526022e7;-7.496501154423633e7;0.0;0.0
NTC;A→B;A;B;67;97.11387796395856;320.0;3443.0999429123794;344.39492813823637;113.63430106569976;3;Cat 3 — Scarcity in exporting zone only;0.0;83994.17568011323;-83994.17568011323;Over-compensated;-794531.9018998757;-710537.7262197625;Deficit (CR^alloc < Δ);false;false;0.0;0.0;NaN;-8.157000126681812e6;-7.716007415957643e7;-6.900307403289461e7;0.0;0.0
NTC;A→B;A;B;68;97.11387796395856;320.0;3443.0999429123794;330.17207694787487;121.89186966040802;3;Cat 3 — Scarcity in exporting zone only;0.0;35023.4775585283;-35023.4775585283;Over-compensated;-717129.5698212556;-682106.0922627273;Deficit (CR^alloc < Δ);false;false;0.0;0.0;NaN;-3.401265725492358e6;-6.964323352796751e7;-6.6241967802475154e7;0.0;0.0
NTC;A→B;A;B;81;40.25148227827839;320.0;3443.0999429123794;323.3278339459818;110.90453113457498;3;Cat 3 — Scarcity in exporting zone only;0.0;11458.064869431842;-11458.064869431842;Over-compensated;-731394.6617832138;-719936.596913782;Deficit (CR^alloc < Δ);false;false;0.0;0.0;NaN;-461204.0950353;-2.9439719267194446e7;-2.8978515172159147e7;0.0;0.0
NTC;A→B;A;B;82;40.25148227827839;320.0;3443.0999429123794;325.1384757484403;94.03198015360391;3;Cat 3 — Scarcity in exporting zone only;0.0;17692.28555611154;-17692.28555611154;Over-compensated;-795722.7617892614;-778030.4762331499;Deficit (CR^alloc < Δ);false;false;0.0;0.0;NaN;-712140.7185240643;-3.2029020644583188e7;-3.1316879926059127e7;0.0;0.0
NTC;A→B;A;B;83;40.25148227827839;320.0;3443.0999429123794;325.7040816067374;85.91885942557762;3;Cat 3 — Scarcity in exporting zone only;0.0;19639.72305452516;-19639.72305452516;Over-compensated;-825604.4848031835;-805964.7617486583;Deficit (CR^alloc < Δ);false;false;0.0;0.0;NaN;-790527.9644795149;-3.32318042889225e7;-3.2441276324442983e7;0.0;0.0
NTC;A→B;A;B;84;40.25148227827839;320.0;3443.0999429123794;321.2598659436209;81.5738945427656;3;Cat 3 — Scarcity in exporting zone only;0.0;4337.844358558452;-4337.844358558452;Over-compensated;-825262.7544471832;-820924.9100886248;Deficit (CR^alloc < Δ);false;false;0.0;0.0;NaN;-174604.6653244454;-3.3218049135554004e7;-3.304344447022956e7;0.0;0.0
NTC;A→B;A;B;103;36.60237753673532;320.0;3443.0999429123794;324.9402515060494;168.30247123186635;3;Cat 3 — Scarcity in exporting zone only;0.0;17009.77967845141;-17009.77967845141;Over-compensated;-539319.5323199615;-522309.75264151004;Deficit (CR^alloc < Δ);false;false;0.0;0.0;NaN;-622598.3776073668;-1.9740377134910755e7;-1.9117778757303387e7;0.0;0.0
NTC;A→B;A;B;104;36.60237753673532;320.0;3443.0999429123794;350.05453002191683;160.81859788992296;3;Cat 3 — Scarcity in exporting zone only;0.0;103480.75060272025;-103480.75060272025;Over-compensated;-651558.227120639;-548077.4765179188;Deficit (CR^alloc < Δ);false;false;0.0;0.0;NaN;-3.787641501345517e6;-2.3848580216235567e7;-2.0060938714890048e7;0.0;0.0
NTC;A→B;A;B;105;36.60237753673532;320.0;3443.0999429123794;346.02704089500236;105.64020344159998;3;Cat 3 — Scarcity in exporting zone only;0.0;89613.70301976078;-89613.70301976078;Over-compensated;-827675.9063126972;-738062.2032929364;Deficit (CR^alloc < Δ);false;false;0.0;0.0;NaN;-3.280074590394162e6;-3.0294906000916913e7;-2.701483141052275e7;0.0;0.0
NTC;A→B;A;B;106;36.60237753673532;320.0;3443.0999429123794;352.1498702315199;90.23270783407563;3;Cat 3 — Scarcity in exporting zone only;0.0;110695.21635878662;-110695.21635878662;Over-compensated;-901806.9668984128;-791111.7505396262;Deficit (CR^alloc < Δ);false;false;0.0;0.0;NaN;-4.051708100674907e6;-3.3008279067673877e7;-2.895657096699897e7;0.0;0.0
NTC;A→B;A;B;107;36.60237753673532;320.0;3443.0999429123794;346.6908970728021;77.53851699834966;3;Cat 3 — Scarcity in exporting zone only;0.0;91899.4261876451;-91899.4261876451;Over-compensated;-926718.5444690782;-834819.1182814331;Deficit (CR^alloc < Δ);false;false;0.0;0.0;NaN;-3.3637374927295265e6;-3.392010203495104e7;-3.0556364542221513e7;0.0;0.0
NTC;A→B;A;B;108;36.60237753673532;320.0;3443.0999429123794;335.09481401856954;78.17741596653916;3;Cat 3 — Scarcity in exporting zone only;0.0;51972.95328560976;-51972.95328560976;Over-compensated;-884592.2785661428;-832619.325280533;Deficit (CR^alloc < Δ);false;false;0.0;0.0;NaN;-1.9023336578589967e6;-3.2378180546158895e7;-3.04758468882999e7;0.0;0.0
NTC;A→B;A;B;109;36.60237753673532;320.0;3443.0999429123794;328.4934061935655;80.88033963425661;3;Cat 3 — Scarcity in exporting zone only;0.0;29243.646380196944;-29243.646380196944;Over-compensated;-852556.5353347155;-823312.8889545186;Deficit (CR^alloc < Δ);false;false;0.0;0.0;NaN;-1.0703869853587516e6;-3.120559617773228e7;-3.013520919237353e7;0.0;0.0
NTC;A→B;A;B;110;36.60237753673532;320.0;3443.0999429123794;320.446032922066;80.383555214096;3;Cat 3 — Scarcity in exporting zone only;0.0;1535.7359285025695;-1535.7359285025695;Over-compensated;-826559.1032917158;-825023.3673632133;Deficit (CR^alloc < Δ);false;false;0.0;0.0;NaN;-56211.58625177981;-3.0254028355108786e7;-3.019781676885701e7;0.0;0.0
NTC;A→B;A;B;113;36.60237753673532;320.0;3443.0999429123794;320.46020401907316;98.38827468556556;3;Cat 3 — Scarcity in exporting zone only;0.0;1584.5284317988448;-1584.5284317988448;Over-compensated;-764615.847210642;-763031.3187788432;Deficit (CR^alloc < Δ);false;false;0.0;0.0;NaN;-57997.50787839248;-2.7986757910174645e7;-2.7928760402296253e7;0.0;0.0
NTC;A→B;A;B;114;36.60237753673532;320.0;3443.0999429123794;328.53756192011326;116.61951750046886;3;Cat 3 — Scarcity in exporting zone only;0.0;29395.678959752877;-29395.678959752877;Over-compensated;-729655.0066433807;-700259.3276836278;Deficit (CR^alloc < Δ);false;false;0.0;0.0;NaN;-1.0759517392335418e6;-2.670710802473014e7;-2.5631156285496596e7;0.0;0.0
NTC;A→B;A;B;115;36.60237753673532;320.0;3443.0999429123794;338.7814014041683;148.21642349215;3;Cat 3 — Scarcity in exporting zone only;0.0;64666.242102506425;-64666.242102506425;Over-compensated;-656134.2645699691;-591468.0224674627;Deficit (CR^alloc < Δ);false;false;0.0;0.0;NaN;-2.3669382073178687e6;-2.4016074066578187e7;-2.1649135859260317e7;0.0;0.0
NTC;A→B;A;B;116;36.60237753673532;320.0;3443.0999429123794;323.3203144998486;194.84756854217068;3;Cat 3 — Scarcity in exporting zone only;0.0;11432.174664879933;-11432.174664879933;Over-compensated;-442344.5042726775;-430912.3296077976;Deficit (CR^alloc < Δ);false;false;0.0;0.0;NaN;-418444.7731498359;-1.6190860546688572e7;-1.5772415773538737e7;0.0;0.0
NTC;A→C;A;C;7;43.53428519818616;320.0;3443.0999429123794;342.6286214381394;116.43582594418409;3;Cat 3 — Scarcity in exporting zone only;0.0;77912.60518184368;-77912.60518184368;Over-compensated;-778804.4012524291;-700891.7960705855;Deficit (CR^alloc < Δ);false;false;0.0;0.0;NaN;-3.39186957452006e6;-3.390469291772586e7;-3.0512823343205802e7;0.0;0.0
NTC;A→C;A;C;8;43.53428519818616;320.0;3443.0999429123794;456.80144277826776;146.9934203354855;3;Cat 3 — Scarcity in exporting zone only;0.0;471021.0398201849;-471021.0398201849;Over-compensated;-1.0666999843865407e6;-595678.9445663558;Deficit (CR^alloc < Δ);false;false;0.0;0.0;NaN;-2.050556428187813e7;-4.643802134118439e7;-2.5932457059306256e7;0.0;0.0
NTC;A→C;A;C;9;43.53428519818616;320.0;3443.0999429123794;565.2992123547467;180.90638813850154;3;Cat 3 — Scarcity in exporting zone only;0.0;844589.7040550801;-844589.7040550801;Over-compensated;-1.323502911114882e6;-478913.2070598019;Deficit (CR^alloc < Δ);false;false;0.0;0.0;NaN;-3.676860905178551e7;-5.76177531931049e7;-2.0849144141319398e7;0.0;0.0
NTC;A→C;A;C;10;43.53428519818616;320.0;3443.0999429123794;954.4944627490203;176.16451909266917;3;Cat 3 — Scarcity in exporting zone only;0.0;2.1846278484693724e6;-2.1846278484693724e6;Over-compensated;-2.679867784570178e6;-495239.93610080564;Deficit (CR^alloc < Δ);false;false;0.0;0.0;NaN;-9.510621180716547e7;-1.1666612842690945e8;-2.155991661974396e7;0.0;0.0
NTC;A→C;A;C;11;43.53428519818616;320.0;3443.0999429123794;878.9686139294623;139.8133039480529;3;Cat 3 — Scarcity in exporting zone only;0.0;1.9245848027103436e6;-1.9245848027103436e6;Over-compensated;-2.544985605600373e6;-620400.8028900293;Deficit (CR^alloc < Δ);false;false;0.0;0.0;NaN;-8.378542368928695e7;-1.1079412917948516e8;-2.700870549019821e7;0.0;0.0
NTC;A→C;A;C;12;43.53428519818616;320.0;3443.0999429123794;1109.9944042963564;130.49918035078105;3;Cat 3 — Scarcity in exporting zone only;0.0;2.720029688333884e6;-2.720029688333884e6;Over-compensated;-3.372499949649959e6;-652470.261316075;Deficit (CR^alloc < Δ);false;false;0.0;0.0;NaN;-1.1841454819946072e8;-1.4681937463892978e8;-2.840482643946906e7;0.0;0.0
NTC;A→C;A;C;13;43.53428519818616;320.0;3443.0999429123794;704.6579061333853;119.99284945720524;3;Cat 3 — Scarcity in exporting zone only;0.0;1.3244156146486541e6;-1.3244156146486541e6;Over-compensated;-2.0130602232646185e6;-688644.6086159644;Deficit (CR^alloc < Δ);false;false;0.0;0.0;NaN;-5.765748708904553e7;-8.763713788072622e7;-2.9979650791680682e7;0.0;0.0
NTC;A→C;A;C;14;43.53428519818616;320.0;3443.0999429123794;551.7990390254771;110.78205871442296;3;Cat 3 — Scarcity in exporting zone only;0.0;798107.2580357646;-798107.2580357646;Over-compensated;-1.5184655397323803e6;-720358.2816966157;Deficit (CR^alloc < Δ);false;false;0.0;0.0;NaN;-3.474502899007133e7;-6.610531187032712e7;-3.1360282880255796e7;0.0;0.0
NTC;A→C;A;C;15;43.53428519818616;320.0;3443.0999429123794;539.2834318950607;104.93581449055468;3;Cat 3 — Scarcity in exporting zone only;0.0;755014.7718395143;-755014.7718395143;Over-compensated;-1.495502256689583e6;-740487.4848500687;Deficit (CR^alloc < Δ);false;false;0.0;0.0;NaN;-3.2869028406104866e7;-6.5105621757255316e7;-3.2236593351150446e7;0.0;0.0
NTC;A→C;A;C;16;43.53428519818616;320.0;3443.0999429123794;504.11709034710617;103.9811675315529;3;Cat 3 — Scarcity in exporting zone only;0.0;633933.5432633146;-633933.5432633146;Over-compensated;-1.3777079730034238e6;-743774.4297401091;Deficit (CR^alloc < Δ);false;false;0.0;0.0;NaN;-2.7597843669121824e7;-5.997753181654601e7;-3.2379688147424188e7;0.0;0.0
NTC;A→C;A;C;17;43.53428519818616;320.0;3443.0999429123794;475.62088433865256;107.97861054091017;3;Cat 3 — Scarcity in exporting zone only;0.0;535818.2579823886;-535818.2579823886;Over-compensated;-1.2658290919251842e6;-730010.8339427956;Deficit (CR^alloc < Δ);false;false;0.0;0.0;NaN;-2.3326464857400592e7;-5.510696470003198e7;-3.1780499842631385e7;0.0;0.0
NTC;A→C;A;C;18;43.53428519818616;320.0;3443.0999429123794;512.7312256934888;123.03761756558069;3;Cat 3 — Scarcity in exporting zone only;0.0;663592.8721826841;-663592.8721826841;Over-compensated;-1.3417540398985194e6;-678161.1677158353;Deficit (CR^alloc < Δ);false;false;0.0;0.0;NaN;-2.8889041353084467e7;-5.8412303038760595e7;-2.952326168567613e7;0.0;0.0
NTC;A→C;A;C;19;43.53428519818616;320.0;3443.0999429123794;529.531252185373;122.06339715777118;3;Cat 3 — Scarcity in exporting zone only;0.0;721437.0424378171;-721437.0424378171;Over-compensated;-1.4029525483841654e6;-681515.5059463483;Deficit (CR^alloc < Δ);false;false;0.0;0.0;NaN;-3.140724595802386e7;-6.1076536360878326e7;-2.9669290402854465e7;0.0;0.0
NTC;A→C;A;C;20;43.53428519818616;320.0;3443.0999429123794;452.99135624066326;106.85410247431595;3;Cat 3 — Scarcity in exporting zone only;0.0;457902.5310800676;-457902.5310800676;Over-compensated;-1.1917851586827582e6;-733882.6276026906;Deficit (CR^alloc < Δ);false;false;0.0;0.0;NaN;-1.993445938101097e7;-5.1883514993060745e7;-3.194905561204978e7;0.0;0.0
NTC;A→C;A;C;21;43.53428519818616;320.0;3443.0999429123794;368.88699084545397;101.48709239018648;3;Cat 3 — Scarcity in exporting zone only;0.0;168322.79538914058;-168322.79538914058;Over-compensated;-920684.5751061075;-752361.7797169669;Deficit (CR^alloc < Δ);false;false;0.0;0.0;NaN;-7.327812579826781e6;-4.008134487024013e7;-3.275353229041335e7;0.0;0.0
NTC;A→C;A;C;31;46.39698671729721;320.0;3443.0999429123794;360.0606213814909;127.39491938279109;3;Cat 3 — Scarcity in exporting zone only;0.0;137932.7231916457;-137932.7231916457;Over-compensated;-801091.2652693919;-663158.5420777462;Deficit (CR^alloc < Δ);false;false;0.0;0.0;NaN;-6.399662725803418e6;-3.71682207940468e7;-3.0768558068243377e7;0.0;0.0
NTC;A→C;A;C;32;46.39698671729721;320.0;3443.0999429123794;396.9619809576882;122.26562351922638;3;Cat 3 — Scarcity in exporting zone only;0.0;264987.7922418398;-264987.7922418398;Over-compensated;-945807.0126146064;-680819.2203727666;Deficit (CR^alloc < Δ);false;false;0.0;0.0;NaN;-1.2294635076890554e7;-4.388259540140645e7;-3.1587960324515894e7;0.0;0.0
NTC;A→C;A;C;33;46.39698671729721;320.0;3443.0999429123794;381.384970215874;99.77276159203313;3;Cat 3 — Scarcity in exporting zone only;0.0;211354.5874459538;-211354.5874459538;Over-compensated;-969618.9794361755;-758264.3919902218;Deficit (CR^alloc < Δ);false;false;0.0;0.0;NaN;-9.80621598636975e6;-4.498739890973952e7;-3.5181182923369765e7;0.0;0.0
NTC;A→C;A;C;34;46.39698671729721;320.0;3443.0999429123794;377.43199365945804;80.36295865949833;3;Cat 3 — Scarcity in exporting zone only;0.0;197744.09409022413;-197744.09409022413;Over-compensated;-1.022838377449397e6;-825094.2833591729;Deficit (CR^alloc < Δ);false;false;0.0;0.0;NaN;-9.174730106928099e6;-4.74566186124615e7;-3.8281888505533405e7;0.0;0.0
NTC;A→C;A;C;35;46.39698671729721;320.0;3443.0999429123794;381.4478703773133;61.77856962994185;3;Cat 3 — Scarcity in exporting zone only;0.0;211571.15898821465;-211571.15898821465;Over-compensated;-1.1006533511541148e6;-889082.1921659001;Deficit (CR^alloc < Δ);false;false;0.0;0.0;NaN;-9.81626425333937e6;-5.106699891384613e7;-4.1250734660506755e7;0.0;0.0
NTC;A→C;A;C;36;46.39698671729721;320.0;3443.0999429123794;368.34454784048876;49.02842591073837;3;Cat 3 — Scarcity in exporting zone only;0.0;166455.10990971164;-166455.10990971164;Over-compensated;-1.099437321187326e6;-932982.2112776143;Deficit (CR^alloc < Δ);false;false;0.0;0.0;NaN;-7.723015523507138e6;-5.101057878762919e7;-4.3287563264122054e7;0.0;0.0
NTC;A→C;A;C;37;46.39698671729721;320.0;3443.0999429123794;343.50889035789794;41.844088215252306;3;Cat 3 — Scarcity in exporting zone only;0.0;80943.45904921179;-80943.45904921179;Over-compensated;-1.0386620630360174e6;-957718.6039868055;Deficit (CR^alloc < Δ);false;false;0.0;0.0;NaN;-3.7555325943583697e6;-4.819078994244262e7;-4.443525734808424e7;0.0;0.0
NTC;A→C;A;C;38;46.39698671729721;320.0;3443.0999429123794;331.0868937113775;35.30452664407582;3;Cat 3 — Scarcity in exporting zone only;0.0;38173.283104719536;-38173.283104719536;Over-compensated;-1.018408251163915e6;-980234.9680591954;Deficit (CR^alloc < Δ);false;false;0.0;0.0;NaN;-1.7711253091652982e6;-4.725107410203805e7;-4.547994879287275e7;0.0;0.0
NTC;A→C;A;C;39;46.39698671729721;320.0;3443.0999429123794;328.24947095244033;38.145328791814975;3;Cat 3 — Scarcity in exporting zone only;0.0;28403.752965404645;-28403.752965404645;Over-compensated;-998857.555311894;-970453.8023464894;Deficit (CR^alloc < Δ);false;false;0.0;0.0;NaN;-1.3178485490572706e6;-4.634398072627791e7;-4.502613217722064e7;0.0;0.0
NTC;A→C;A;C;40;46.39698671729721;320.0;3443.0999429123794;327.2442738189664;48.59147995186274;3;Cat 3 — Scarcity in exporting zone only;0.0;24942.758772524878;-24942.758772524878;Over-compensated;-959429.4186561998;-934486.6598836749;Deficit (CR^alloc < Δ);false;false;0.0;0.0;NaN;-1.1572688474615852e6;-4.4514633993575886e7;-4.3357365146114305e7;0.0;0.0
NTC;A→C;A;C;41;46.39698671729721;320.0;3443.0999429123794;334.81327069674506;60.96032125933147;3;Cat 3 — Scarcity in exporting zone only;0.0;51003.57149030855;-51003.57149030855;Over-compensated;-942903.0745743455;-891899.503084037;Deficit (CR^alloc < Δ);false;false;0.0;0.0;NaN;-2.3664120289705647e6;-4.3747861426724605e7;-4.138144939775404e7;0.0;0.0
NTC;A→C;A;C;42;46.39698671729721;320.0;3443.0999429123794;353.2481556735527;71.80686829972545;3;Cat 3 — Scarcity in exporting zone only;0.0;114476.72290155111;-114476.72290155111;Over-compensated;-969030.480490011;-854553.7575884599;Deficit (CR^alloc < Δ);false;false;0.0;0.0;NaN;-5.31137499190298e6;-4.496009433195118e7;-3.9648719340048194e7;0.0;0.0
NTC;A→C;A;C;43;46.39698671729721;320.0;3443.0999429123794;364.9707332341133;86.70526167249729;3;Cat 3 — Scarcity in exporting zone only;0.0;154838.72903110337;-154838.72903110337;Over-compensated;-958095.8292482866;-803257.1002171831;Deficit (CR^alloc < Δ);false;false;0.0;0.0;NaN;-7.184050454179285e6;-4.445275946353061e7;-3.726870900935132e7;0.0;0.0
NTC;A→C;A;C;44;46.39698671729721;320.0;3443.0999429123794;341.8034041965476;104.06114676328197;3;Cat 3 — Scarcity in exporting zone only;0.0;75071.29974442859;-75071.29974442859;Over-compensated;-818570.3529963372;-743499.0532519086;Deficit (CR^alloc < Δ);false;false;0.0;0.0;NaN;-3.4830820970924906e6;-3.797919779514435e7;-3.4496115698051855e7;0.0;0.0
NTC;A→C;A;C;45;46.39698671729721;320.0;3443.0999429123794;322.96000435346326;129.92849762670124;3;Cat 3 — Scarcity in exporting zone only;0.0;10191.590820429752;-10191.590820429752;Over-compensated;-664626.769791205;-654435.1789707752;Deficit (CR^alloc < Δ);false;false;0.0;0.0;NaN;-472859.1039236074;-3.0836679409962688e7;-3.036382030603908e7;0.0;0.0
NTC;A→C;A;C;55;97.11387796395856;320.0;3443.0999429123794;327.45414471253264;119.13210840565836;3;Cat 3 — Scarcity in exporting zone only;0.0;25665.365234181743;-25665.365234181743;Over-compensated;-717273.5913155895;-691608.2260814077;Deficit (CR^alloc < Δ);false;false;0.0;0.0;NaN;-2.4924631472527506e6;-6.965722001379244e7;-6.716475686653969e7;0.0;0.0
NTC;A→C;A;C;56;97.11387796395856;320.0;3443.0999429123794;343.1075523856956;109.0843165763114;3;Cat 3 — Scarcity in exporting zone only;0.0;79561.61230003338;-79561.61230003338;Over-compensated;-805765.3898554612;-726203.7775554279;Deficit (CR^alloc < Δ);false;false;0.0;0.0;NaN;-7.726536707521225e6;-7.825100173800474e7;-7.052446503048353e7;0.0;0.0
NTC;A→C;A;C;57;97.11387796395856;320.0;3443.0999429123794;331.1644213520087;94.36505546502782;3;Cat 3 — Scarcity in exporting zone only;0.0;38440.218519750815;-38440.218519750815;Over-compensated;-815323.8831671515;-776883.6646474006;Deficit (CR^alloc < Δ);false;false;0.0;0.0;NaN;-3.7330786902349805e6;-7.917926409099555e7;-7.544618540076056e7;0.0;0.0
NTC;A→C;A;C;58;97.11387796395856;320.0;3443.0999429123794;328.442919117332;81.30776688437545;3;Cat 3 — Scarcity in exporting zone only;0.0;29069.814330899633;-29069.814330899633;Over-compensated;-850911.0285449349;-821841.2142140353;Deficit (CR^alloc < Δ);false;false;0.0;0.0;NaN;-2.8230824013659204e6;-8.263526978429927e7;-7.981218738293335e7;0.0;0.0
NTC;A→C;A;C;59;97.11387796395856;320.0;3443.0999429123794;326.31669348625167;65.41951391355967;3;Cat 3 — Scarcity in exporting zone only;0.0;21749.006981908107;-21749.006981908107;Over-compensated;-898295.0640927366;-876546.0571108285;Deficit (CR^alloc < Δ);false;false;0.0;0.0;NaN;-2.1121304098783066e6;-8.723691722992834e7;-8.512478682005005e7;0.0;0.0
NTC;A→C;A;C;60;97.11387796395856;320.0;3443.0999429123794;320.24170214667834;53.45524124792658;3;Cat 3 — Scarcity in exporting zone only;0.0;832.2046474299759;-832.2046474299759;Over-compensated;-918572.448290288;-917740.243642858;Deficit (CR^alloc < Δ);false;false;0.0;0.0;NaN;-80818.62057155384;-8.920613264431766e7;-8.91253140237461e7;0.0;0.0
NTC;A→C;A;C;65;97.11387796395856;320.0;3443.0999429123794;320.8690231677794;66.14901181956424;3;Cat 3 — Scarcity in exporting zone only;0.0;2992.133619370798;-2992.133619370798;Over-compensated;-877026.4565316803;-874034.3229123096;Deficit (CR^alloc < Δ);false;false;0.0;0.0;NaN;-290577.6991634333;-8.517144027078061e7;-8.488086257161717e7;0.0;0.0
NTC;A→C;A;C;66;97.11387796395856;320.0;3443.0999429123794;331.20940692303424;79.08685608443919;3;Cat 3 — Scarcity in exporting zone only;0.0;38595.10833678081;-38595.10833678081;Over-compensated;-868083.14039929;-829488.0320625092;Deficit (CR^alloc < Δ);false;false;0.0;0.0;NaN;-3.748120641023891e6;-8.430292015930656e7;-8.055479951828267e7;0.0;0.0
NTC;A→C;A;C;67;97.11387796395856;320.0;3443.0999429123794;344.39492813823637;94.793243399932;3;Cat 3 — Scarcity in exporting zone only;0.0;83994.17568011323;-83994.17568011323;Over-compensated;-859403.5464732895;-775409.3707931762;Deficit (CR^alloc < Δ);false;false;0.0;0.0;NaN;-8.157000126681812e6;-8.346001113400023e7;-7.53030110073184e7;0.0;0.0
NTC;A→C;A;C;68;97.11387796395856;320.0;3443.0999429123794;330.17207694787487;121.88971057466844;3;Cat 3 — Scarcity in exporting zone only;0.0;35023.4775585283;-35023.4775585283;Over-compensated;-717137.0037692423;-682113.526210714;Deficit (CR^alloc < Δ);false;false;0.0;0.0;NaN;-3.401265725492358e6;-6.964395546748509e7;-6.624268974199273e7;0.0;0.0
NTC;A→C;A;C;81;40.25148227827839;320.0;3443.0999429123794;323.3278339459818;110.90238389989892;3;Cat 3 — Scarcity in exporting zone only;0.0;11458.064869431842;-11458.064869431842;Over-compensated;-731402.0549268045;-719943.9900573726;Deficit (CR^alloc < Δ);false;false;0.0;0.0;NaN;-461204.0950353;-2.9440016852182668e7;-2.8978812757147364e7;0.0;0.0
NTC;A→C;A;C;82;40.25148227827839;320.0;3443.0999429123794;325.1384757484403;94.02813751749558;3;Cat 3 — Scarcity in exporting zone only;0.0;17692.28555611154;-17692.28555611154;Over-compensated;-795735.9923694266;-778043.7068133152;Deficit (CR^alloc < Δ);false;false;0.0;0.0;NaN;-712140.7185240643;-3.2029553195046242e7;-3.131741247652218e7;0.0;0.0
NTC;A→C;A;C;83;40.25148227827839;320.0;3443.0999429123794;325.7040816067374;83.09194555260088;3;Cat 3 — Scarcity in exporting zone only;0.0;19639.72305452516;-19639.72305452516;Over-compensated;-835337.831797848;-815698.1087433228;Deficit (CR^alloc < Δ);false;false;0.0;0.0;NaN;-790527.9644795149;-3.362358593298657e7;-3.2833057968507055e7;0.0;0.0
NTC;A→C;A;C;84;40.25148227827839;320.0;3443.0999429123794;321.2598659436209;72.45016780308295;3;Cat 3 — Scarcity in exporting zone only;0.0;4337.844358558452;-4337.844358558452;Over-compensated;-856676.6574637328;-852338.8131051743;Deficit (CR^alloc < Δ);false;false;0.0;0.0;NaN;-174604.6653244454;-3.44825052961162e7;-3.430790063079176e7;0.0;0.0
NTC;A→C;A;C;103;36.60237753673532;320.0;3443.0999429123794;324.9402515060494;231.14708482320594;3;Cat 3 — Scarcity in exporting zone only;0.0;17009.77967845141;-17009.77967845141;Over-compensated;-322939.2468512695;-305929.4671728181;Deficit (CR^alloc < Δ);false;false;0.0;0.0;NaN;-622598.3776073668;-1.1820344234679129e7;-1.1197745857071761e7;0.0;0.0
NTC;A→C;A;C;104;36.60237753673532;320.0;3443.0999429123794;350.05453002191683;244.1609219328704;3;Cat 3 — Scarcity in exporting zone only;0.0;103480.75060272025;-103480.75060272025;Over-compensated;-364602.27596618165;-261121.5253634614;Deficit (CR^alloc < Δ);false;false;0.0;0.0;NaN;-3.787641501345517e6;-1.334531015566714e7;-9.557668654321622e6;0.0;0.0
NTC;A→C;A;C;105;36.60237753673532;320.0;3443.0999429123794;346.02704089500236;128.43678300577318;3;Cat 3 — Scarcity in exporting zone only;0.0;89613.70301976078;-89613.70301976078;Over-compensated;-749185.0045166949;-659571.3014969341;Deficit (CR^alloc < Δ);false;false;0.0;0.0;NaN;-3.280074590394162e6;-2.742195238018082e7;-2.414187778978666e7;0.0;0.0
NTC;A→C;A;C;106;36.60237753673532;320.0;3443.0999429123794;352.1498702315199;90.50067900071484;3;Cat 3 — Scarcity in exporting zone only;0.0;110695.21635878662;-110695.21635878662;Over-compensated;-900884.3153898552;-790189.0990310686;Deficit (CR^alloc < Δ);false;false;0.0;0.0;NaN;-4.051708100674907e6;-3.297450782882281e7;-2.8922799728147905e7;0.0;0.0
NTC;A→C;A;C;107;36.60237753673532;320.0;3443.0999429123794;346.6908970728021;77.49918306041103;3;Cat 3 — Scarcity in exporting zone only;0.0;91899.4261876451;-91899.4261876451;Over-compensated;-926853.9751485492;-834954.5489609041;Deficit (CR^alloc < Δ);false;false;0.0;0.0;NaN;-3.3637374927295265e6;-3.392505911981109e7;-3.0561321627081566e7;0.0;0.0
NTC;A→C;A;C;108;36.60237753673532;320.0;3443.0999429123794;335.09481401856954;68.28577084112017;3;Cat 3 — Scarcity in exporting zone only;0.0;51972.95328560976;-51972.95328560976;Over-compensated;-918650.2013327825;-866677.2480471728;Deficit (CR^alloc < Δ);false;false;0.0;0.0;NaN;-1.9023336578589967e6;-3.362478149338041e7;-3.1722447835521422e7;0.0;0.0
NTC;A→C;A;C;109;36.60237753673532;320.0;3443.0999429123794;328.4934061935655;64.64787589408316;3;Cat 3 — Scarcity in exporting zone only;0.0;29243.646380196944;-29243.646380196944;Over-compensated;-908446.5303118341;-879202.8839316372;Deficit (CR^alloc < Δ);false;false;0.0;0.0;NaN;-1.0703869853587516e6;-3.3251302874411017e7;-3.2180915889052264e7;0.0;0.0
NTC;A→C;A;C;110;36.60237753673532;320.0;3443.0999429123794;320.446032922066;62.83786358469111;3;Cat 3 — Scarcity in exporting zone only;0.0;1535.7359285025695;-1535.7359285025695;Over-compensated;-886970.6731392782;-885434.9372107757;Deficit (CR^alloc < Δ);false;false;0.0;0.0;NaN;-56211.58625177981;-3.246523544225612e7;-3.2409023856004342e7;0.0;0.0
NTC;A→C;A;C;113;36.60237753673532;320.0;3443.0999429123794;320.46020401907316;98.38524403058547;3;Cat 3 — Scarcity in exporting zone only;0.0;1584.5284317988448;-1584.5284317988448;Over-compensated;-764626.282058631;-763041.7536268322;Deficit (CR^alloc < Δ);false;false;0.0;0.0;NaN;-57997.50787839248;-2.7987139850420278e7;-2.7929142342541885e7;0.0;0.0
NTC;A→C;A;C;114;36.60237753673532;320.0;3443.0999429123794;328.53756192011326;116.61735795945451;3;Cat 3 — Scarcity in exporting zone only;0.0;29395.678959752877;-29395.678959752877;Over-compensated;-729662.442158924;-700266.763199171;Deficit (CR^alloc < Δ);false;false;0.0;0.0;NaN;-1.0759517392335418e6;-2.6707380182277232e7;-2.563142844304369e7;0.0;0.0
NTC;A→C;A;C;115;36.60237753673532;320.0;3443.0999429123794;338.7814014041683;148.21546035024912;3;Cat 3 — Scarcity in exporting zone only;0.0;64666.242102506425;-64666.242102506425;Over-compensated;-656137.5807637931;-591471.3386612866;Deficit (CR^alloc < Δ);false;false;0.0;0.0;NaN;-2.3669382073178687e6;-2.4016195447156515e7;-2.1649257239838645e7;0.0;0.0
NTC;A→C;A;C;116;36.60237753673532;320.0;3443.0999429123794;323.3203144998486;233.41210659861866;3;Cat 3 — Scarcity in exporting zone only;0.0;11432.174664879933;-11432.174664879933;Over-compensated;-309562.9454920792;-298130.7708271993;Deficit (CR^alloc < Δ);false;false;0.0;0.0;NaN;-418444.7731498359;-1.1330739802284898e7;-1.0912295029135063e7;0.0;0.0
